date,new_cases_smoothed,new_cases_smoothed_per_million,new_deaths_smoothed,reproduction_rate,people_fully_vaccinated_per_hundred,hospital_patients,icu_patients
2020-01-05,0.0,0.0,0.0,2.18,0.0,426.0,82.0
2020-01-06,0.0,0.0,0.0,2.18,0.0,426.0,82.0
2020-01-07,0.0,0.0,0.0,2.18,0.0,426.0,82.0
2020-01-08,0.0,0.0,0.0,2.18,0.0,426.0,82.0
2020-01-09,0.0,0.0,0.0,2.18,0.0,426.0,82.0
2020-01-10,0.0,0.0,0.0,2.18,0.0,426.0,82.0
2020-01-11,0.0,0.0,0.0,2.18,0.0,426.0,82.0
2020-01-12,0.0,0.0,0.0,2.18,0.0,426.0,82.0
2020-01-13,0.0,0.0,0.0,2.18,0.0,426.0,82.0
2020-01-14,0.0,0.0,0.0,2.18,0.0,426.0,82.0
2020-01-15,0.0,0.0,0.0,2.18,0.0,426.0,82.0
2020-01-16,0.0,0.0,0.0,2.18,0.0,426.0,82.0
2020-01-17,0.0,0.0,0.0,2.18,0.0,426.0,82.0
2020-01-18,0.0,0.0,0.0,2.18,0.0,426.0,82.0
2020-01-19,0.0,0.0,0.0,2.18,0.0,426.0,82.0
2020-01-20,0.0,0.0,0.0,2.18,0.0,426.0,82.0
2020-01-21,0.0,0.0,0.0,2.18,0.0,426.0,82.0
2020-01-22,0.0,0.0,0.0,2.18,0.0,426.0,82.0
2020-01-23,0.0,0.0,0.0,2.18,0.0,426.0,82.0
2020-01-24,0.0,0.0,0.0,2.18,0.0,426.0,82.0
2020-01-25,0.0,0.0,0.0,2.18,0.0,426.0,82.0
2020-01-26,0.57,0.02,0.0,2.18,0.0,426.0,82.0
2020-01-27,0.57,0.02,0.0,2.18,0.0,426.0,82.0
2020-01-28,0.57,0.02,0.0,2.18,0.0,426.0,82.0
2020-01-29,0.57,0.02,0.0,2.18,0.0,426.0,82.0
2020-01-30,0.57,0.02,0.0,2.18,0.0,426.0,82.0
2020-01-31,0.57,0.02,0.0,2.18,0.0,426.0,82.0
2020-02-01,0.57,0.02,0.0,2.18,0.0,426.0,82.0
2020-02-02,1.14,0.04,0.0,2.18,0.0,426.0,82.0
2020-02-03,1.14,0.04,0.0,2.18,0.0,426.0,82.0
2020-02-04,1.14,0.04,0.0,2.18,0.0,426.0,82.0
2020-02-05,1.14,0.04,0.0,2.18,0.0,426.0,82.0
2020-02-06,1.14,0.04,0.0,2.18,0.0,426.0,82.0
2020-02-07,1.14,0.04,0.0,2.18,0.0,426.0,82.0
2020-02-08,1.14,0.04,0.0,2.18,0.0,426.0,82.0
2020-02-09,0.43,0.02,0.0,2.18,0.0,426.0,82.0
2020-02-10,0.43,0.02,0.0,2.18,0.0,426.0,82.0
2020-02-11,0.43,0.02,0.0,2.18,0.0,426.0,82.0
2020-02-12,0.43,0.02,0.0,2.18,0.0,426.0,82.0
2020-02-13,0.43,0.02,0.0,2.18,0.0,426.0,82.0
2020-02-14,0.43,0.02,0.0,2.18,0.0,426.0,82.0
2020-02-15,0.43,0.02,0.0,2.18,0.0,426.0,82.0
2020-02-16,0.0,0.0,0.0,2.18,0.0,426.0,82.0
2020-02-17,0.0,0.0,0.0,2.18,0.0,426.0,82.0
2020-02-18,0.0,0.0,0.0,2.18,0.0,426.0,82.0
2020-02-19,0.0,0.0,0.0,2.18,0.0,426.0,82.0
2020-02-20,0.0,0.0,0.0,2.18,0.0,426.0,82.0
2020-02-21,0.0,0.0,0.0,2.18,0.0,426.0,82.0
2020-02-22,0.0,0.0,0.0,2.18,0.0,426.0,82.0
2020-02-23,1.0,0.04,0.0,2.18,0.0,426.0,82.0
2020-02-24,1.0,0.04,0.0,2.18,0.0,426.0,82.0
2020-02-25,1.0,0.04,0.0,2.18,0.0,426.0,82.0
2020-02-26,1.0,0.04,0.0,2.18,0.0,426.0,82.0
2020-02-27,1.0,0.04,0.0,2.18,0.0,426.0,82.0
2020-02-28,1.0,0.04,0.0,2.18,0.0,426.0,82.0
2020-02-29,1.0,0.04,0.0,2.18,0.0,426.0,82.0
2020-03-01,0.43,0.02,0.0,2.18,0.0,426.0,82.0
2020-03-02,0.43,0.02,0.0,2.18,0.0,426.0,82.0
2020-03-03,0.43,0.02,0.0,2.18,0.0,426.0,82.0
2020-03-04,0.43,0.02,0.0,2.18,0.0,426.0,82.0
2020-03-05,0.43,0.02,0.0,2.18,0.0,426.0,82.0
2020-03-06,0.43,0.02,0.0,2.18,0.0,426.0,82.0
2020-03-07,0.43,0.02,0.0,2.18,0.0,426.0,82.0
2020-03-08,6.43,0.24,0.57,2.18,0.0,426.0,82.0
2020-03-09,6.43,0.24,0.57,2.18,0.0,426.0,82.0
2020-03-10,6.43,0.24,0.57,2.18,0.0,426.0,82.0
2020-03-11,6.43,0.24,0.57,2.18,0.0,426.0,82.0
2020-03-12,6.43,0.24,0.57,2.22,0.0,426.0,82.0
2020-03-13,6.43,0.24,0.57,2.32,0.0,426.0,82.0
2020-03-14,6.43,0.24,0.57,2.31,0.0,426.0,82.0
2020-03-15,25.57,0.98,0.43,2.32,0.0,426.0,82.0
2020-03-16,25.57,0.98,0.43,2.39,0.0,426.0,82.0
2020-03-17,25.57,0.98,0.43,2.41,0.0,426.0,82.0
2020-03-18,25.57,0.98,0.43,2.45,0.0,426.0,82.0
2020-03-19,25.57,0.98,0.43,2.45,0.0,426.0,82.0
2020-03-20,25.57,0.98,0.43,2.43,0.0,426.0,82.0
2020-03-21,25.57,0.98,0.43,2.47,0.0,426.0,82.0
2020-03-22,118.86,4.54,0.29,2.44,0.0,426.0,82.0
2020-03-23,118.86,4.54,0.29,2.27,0.0,426.0,82.0
2020-03-24,118.86,4.54,0.29,2.15,0.0,426.0,82.0
2020-03-25,118.86,4.54,0.29,2.02,0.0,426.0,82.0
2020-03-26,118.86,4.54,0.29,1.89,0.0,426.0,82.0
2020-03-27,118.86,4.54,0.29,1.71,0.0,426.0,82.0
2020-03-28,118.86,4.54,0.29,1.56,0.0,426.0,82.0
2020-03-29,389.71,14.87,1.0,1.42,0.0,426.0,82.0
2020-03-30,389.71,14.87,1.0,1.31,0.0,426.0,82.0
2020-03-31,389.71,14.87,1.0,1.19,0.0,426.0,82.0
2020-04-01,389.71,14.87,1.0,1.09,0.0,441.0,86.0
2020-04-02,389.71,14.87,1.0,0.98,0.0,415.0,92.0
2020-04-03,389.71,14.87,1.0,0.87,0.0,457.0,93.0
2020-04-04,389.71,14.87,1.0,0.78,0.0,490.0,95.0
2020-04-05,260.86,9.96,2.86,0.71,0.0,457.0,96.0
2020-04-06,260.86,9.96,2.86,0.66,0.0,305.0,93.0
2020-04-07,260.86,9.96,2.86,0.62,0.0,263.0,87.0
2020-04-08,260.86,9.96,2.86,0.59,0.0,262.0,81.0
2020-04-09,260.86,9.96,2.86,0.54,0.0,247.0,81.0
2020-04-10,260.86,9.96,2.86,0.5,0.0,240.0,80.0
2020-04-11,260.86,9.96,2.86,0.45,0.0,239.0,83.0
2020-04-12,93.43,3.57,3.57,0.42,0.0,227.0,79.0
2020-04-13,93.43,3.57,3.57,0.42,0.0,230.0,80.0
2020-04-14,93.43,3.57,3.57,0.42,0.0,214.0,73.0
2020-04-15,93.43,3.57,3.57,0.41,0.0,201.0,67.0
2020-04-16,93.43,3.57,3.57,0.4,0.0,192.0,60.0
2020-04-17,93.43,3.57,3.57,0.4,0.0,184.0,55.0
2020-04-18,93.43,3.57,3.57,0.39,0.0,177.0,48.0
2020-04-19,42.43,1.62,1.71,0.38,0.0,170.0,49.0
2020-04-20,42.43,1.62,1.71,0.37,0.0,167.0,47.0
2020-04-21,42.43,1.62,1.71,0.37,0.0,161.0,46.0
2020-04-22,42.43,1.62,1.71,0.37,0.0,152.0,45.0
2020-04-23,42.43,1.62,1.71,0.37,0.0,138.0,42.0
2020-04-24,42.43,1.62,1.71,0.38,0.0,129.0,43.0
2020-04-25,42.43,1.62,1.71,0.41,0.0,115.0,43.0
2020-04-26,16.71,0.64,1.71,0.44,0.0,113.0,43.0
2020-04-27,16.71,0.64,1.71,0.47,0.0,109.0,42.0
2020-04-28,16.71,0.64,1.71,0.51,0.0,93.0,38.0
2020-04-29,16.71,0.64,1.71,0.55,0.0,89.0,34.0
2020-04-30,16.71,0.64,1.71,0.59,0.0,83.0,28.0
2020-05-01,16.71,0.64,1.71,0.64,0.0,79.0,28.0
2020-05-02,16.71,0.64,1.71,0.7,0.0,75.0,28.0
2020-05-03,11.43,0.44,2.0,0.75,0.0,70.0,28.0
2020-05-04,11.43,0.44,2.0,0.79,0.0,66.0,27.0
2020-05-05,11.43,0.44,2.0,0.81,0.0,62.0,27.0
2020-05-06,11.43,0.44,2.0,0.8,0.0,58.0,23.0
2020-05-07,11.43,0.44,2.0,0.77,0.0,56.0,21.0
2020-05-08,11.43,0.44,2.0,0.76,0.0,51.0,19.0
2020-05-09,11.43,0.44,2.0,0.77,0.0,43.0,17.0
2020-05-10,20.86,0.8,0.29,0.77,0.0,49.0,16.0
2020-05-11,20.86,0.8,0.29,0.79,0.0,47.0,16.0
2020-05-12,20.86,0.8,0.29,0.8,0.0,50.0,17.0
2020-05-13,20.86,0.8,0.29,0.81,0.0,51.0,18.0
2020-05-14,20.86,0.8,0.29,0.83,0.0,46.0,17.0
2020-05-15,20.86,0.8,0.29,0.81,0.0,49.0,16.0
2020-05-16,20.86,0.8,0.29,0.77,0.0,50.0,16.0
2020-05-17,15.29,0.58,0.29,0.76,0.0,45.0,12.0
2020-05-18,15.29,0.58,0.29,0.74,0.0,47.0,11.0
2020-05-19,15.29,0.58,0.29,0.73,0.0,43.0,9.0
2020-05-20,15.29,0.58,0.29,0.75,0.0,41.0,9.0
2020-05-21,15.29,0.58,0.29,0.76,0.0,39.0,7.0
2020-05-22,15.29,0.58,0.29,0.78,0.0,35.0,5.0
2020-05-23,15.29,0.58,0.29,0.81,0.0,33.0,5.0
2020-05-24,10.0,0.38,0.57,0.83,0.0,31.0,5.0
2020-05-25,10.0,0.38,0.57,0.89,0.0,30.0,5.0
2020-05-26,10.0,0.38,0.57,0.94,0.0,30.0,6.0
2020-05-27,10.0,0.38,0.57,0.98,0.0,29.0,5.0
2020-05-28,10.0,0.38,0.57,1.0,0.0,23.0,4.0
2020-05-29,10.0,0.38,0.57,1.01,0.0,22.0,4.0
2020-05-30,10.0,0.38,0.57,0.96,0.0,20.0,4.0
2020-05-31,11.29,0.43,0.0,0.96,0.0,20.0,3.0
2020-06-01,11.29,0.43,0.0,0.95,0.0,26.0,4.0
2020-06-02,11.29,0.43,0.0,0.91,0.0,25.0,5.0
2020-06-03,11.29,0.43,0.0,0.87,0.0,22.0,4.0
2020-06-04,11.29,0.43,0.0,0.84,0.0,21.0,2.0
2020-06-05,11.29,0.43,0.0,0.82,0.0,21.0,4.0
2020-06-06,11.29,0.43,0.0,0.81,0.0,18.0,3.0
2020-06-07,10.0,0.38,0.0,0.85,0.0,19.0,3.0
2020-06-08,10.0,0.38,0.0,0.89,0.0,18.0,2.0
2020-06-09,10.0,0.38,0.0,0.98,0.0,20.0,3.0
2020-06-10,10.0,0.38,0.0,1.07,0.0,18.0,2.0
2020-06-11,10.0,0.38,0.0,1.16,0.0,17.0,2.0
2020-06-12,10.0,0.38,0.0,1.28,0.0,16.0,2.0
2020-06-13,10.0,0.38,0.0,1.4,0.0,16.0,3.0
2020-06-14,6.71,0.26,0.0,1.46,0.0,17.0,4.0
2020-06-15,6.71,0.26,0.0,1.5,0.0,17.0,3.0
2020-06-16,6.71,0.26,0.0,1.53,0.0,16.0,3.0
2020-06-17,6.71,0.26,0.0,1.54,0.0,14.0,2.0
2020-06-18,6.71,0.26,0.0,1.54,0.0,15.0,2.0
2020-06-19,6.71,0.26,0.0,1.56,0.0,17.0,3.0
2020-06-20,6.71,0.26,0.0,1.61,0.0,16.0,2.0
2020-06-21,19.14,0.73,0.0,1.61,0.0,18.0,2.0
2020-06-22,19.14,0.73,0.0,1.64,0.0,19.0,3.0
2020-06-23,19.14,0.73,0.0,1.69,0.0,16.0,2.0
2020-06-24,19.14,0.73,0.0,1.74,0.0,16.0,2.0
2020-06-25,19.14,0.73,0.0,1.79,0.0,12.0,1.0
2020-06-26,19.14,0.73,0.0,1.85,0.0,12.0,1.0
2020-06-27,19.14,0.73,0.0,1.96,0.0,11.0,1.0
2020-06-28,29.29,1.12,0.14,2.01,0.0,15.0,1.0
2020-06-29,29.29,1.12,0.14,2.01,0.0,14.0,1.0
2020-06-30,29.29,1.12,0.14,1.99,0.0,18.0,3.0
2020-07-01,29.29,1.12,0.14,1.97,0.0,24.0,5.0
2020-07-02,29.29,1.12,0.14,1.98,0.0,27.0,7.0
2020-07-03,29.29,1.12,0.14,2.02,0.0,29.0,4.0
2020-07-04,29.29,1.12,0.14,1.94,0.0,30.0,4.0
2020-07-05,103.0,3.93,0.14,1.88,0.0,34.0,6.0
2020-07-06,103.0,3.93,0.14,1.82,0.0,39.0,10.0
2020-07-07,103.0,3.93,0.14,1.76,0.0,46.0,8.0
2020-07-08,103.0,3.93,0.14,1.73,0.0,45.0,10.0
2020-07-09,103.0,3.93,0.14,1.71,0.0,54.0,13.0
2020-07-10,103.0,3.93,0.14,1.64,0.0,55.0,16.0
2020-07-11,103.0,3.93,0.14,1.58,0.0,67.0,17.0
2020-07-12,170.14,6.49,0.57,1.55,0.0,92.0,18.0
2020-07-13,170.14,6.49,0.57,1.54,0.0,90.0,27.0
2020-07-14,170.14,6.49,0.57,1.52,0.0,111.0,28.0
2020-07-15,170.14,6.49,0.57,1.5,0.0,114.0,30.0
2020-07-16,170.14,6.49,0.57,1.48,0.0,126.0,32.0
2020-07-17,170.14,6.49,0.57,1.43,0.0,115.0,26.0
2020-07-18,170.14,6.49,0.57,1.4,0.0,135.0,29.0
2020-07-19,269.71,10.29,2.29,1.38,0.0,156.0,33.0
2020-07-20,269.71,10.29,2.29,1.38,0.0,182.0,38.0
2020-07-21,269.71,10.29,2.29,1.37,0.0,214.0,42.0
2020-07-22,269.71,10.29,2.29,1.33,0.0,211.0,41.0
2020-07-23,269.71,10.29,2.29,1.3,0.0,217.0,44.0
2020-07-24,269.71,10.29,2.29,1.3,0.0,239.0,46.0
2020-07-25,269.71,10.29,2.29,1.29,0.0,241.0,46.0
2020-07-26,358.43,13.68,6.43,1.29,0.0,259.0,49.0
2020-07-27,358.43,13.68,6.43,1.27,0.0,275.0,47.0
2020-07-28,358.43,13.68,6.43,1.25,0.0,323.0,46.0
2020-07-29,358.43,13.68,6.43,1.26,0.0,330.0,40.0
2020-07-30,358.43,13.68,6.43,1.24,0.0,366.0,44.0
2020-07-31,358.43,13.68,6.43,1.2,0.0,401.0,50.0
2020-08-01,358.43,13.68,6.43,1.17,0.0,408.0,46.0
2020-08-02,476.0,18.17,13.57,1.13,0.0,439.0,43.0
2020-08-03,476.0,18.17,13.57,1.1,0.0,483.0,44.0
2020-08-04,476.0,18.17,13.57,1.07,0.0,566.0,51.0
2020-08-05,476.0,18.17,13.57,1.02,0.0,600.0,52.0
2020-08-06,476.0,18.17,13.57,0.97,0.0,632.0,51.0
2020-08-07,476.0,18.17,13.57,0.93,0.0,659.0,53.0
2020-08-08,476.0,18.17,13.57,0.9,0.0,658.0,51.0
2020-08-09,488.0,18.62,15.14,0.87,0.0,664.0,56.0
2020-08-10,488.0,18.62,15.14,0.85,0.0,673.0,51.0
2020-08-11,488.0,18.62,15.14,0.82,0.0,686.0,51.0
2020-08-12,488.0,18.62,15.14,0.8,0.0,686.0,44.0
2020-08-13,488.0,18.62,15.14,0.79,0.0,679.0,47.0
2020-08-14,488.0,18.62,15.14,0.77,0.0,681.0,48.0
2020-08-15,488.0,18.62,15.14,0.75,0.0,680.0,47.0
2020-08-16,333.86,12.74,19.71,0.74,0.0,674.0,51.0
2020-08-17,333.86,12.74,19.71,0.71,0.0,682.0,52.0
2020-08-18,333.86,12.74,19.71,0.69,0.0,694.0,52.0
2020-08-19,333.86,12.74,19.71,0.68,0.0,644.0,51.0
2020-08-20,333.86,12.74,19.71,0.67,0.0,647.0,47.0
2020-08-21,333.86,12.74,19.71,0.66,0.0,631.0,43.0
2020-08-22,333.86,12.74,19.71,0.65,0.0,604.0,39.0
2020-08-23,223.86,8.54,16.29,0.63,0.0,659.0,38.0
2020-08-24,223.86,8.54,16.29,0.62,0.0,644.0,42.0
2020-08-25,223.86,8.54,16.29,0.61,0.0,603.0,46.0
2020-08-26,223.86,8.54,16.29,0.6,0.0,558.0,35.0
2020-08-27,223.86,8.54,16.29,0.61,0.0,543.0,35.0
2020-08-28,223.86,8.54,16.29,0.61,0.0,510.0,32.0
2020-08-29,223.86,8.54,16.29,0.61,0.0,501.0,31.0
2020-08-30,135.0,5.15,13.86,0.61,0.0,481.0,27.0
2020-08-31,135.0,5.15,13.86,0.61,0.0,450.0,26.0
2020-09-01,135.0,5.15,13.86,0.61,0.0,432.0,23.0
2020-09-02,135.0,5.15,13.86,0.62,0.0,391.0,26.0
2020-09-03,135.0,5.15,13.86,0.62,0.0,357.0,27.0
2020-09-04,135.0,5.15,13.86,0.61,0.0,326.0,27.0
2020-09-05,135.0,5.15,13.86,0.6,0.0,310.0,26.0
2020-09-06,94.29,3.6,8.29,0.59,0.0,294.0,32.0
2020-09-07,94.29,3.6,8.29,0.59,0.0,263.0,29.0
2020-09-08,94.29,3.6,8.29,0.6,0.0,221.0,26.0
2020-09-09,94.29,3.6,8.29,0.59,0.0,195.0,23.0
2020-09-10,94.29,3.6,8.29,0.58,0.0,162.0,18.0
2020-09-11,94.29,3.6,8.29,0.58,0.0,151.0,15.0
2020-09-12,94.29,3.6,8.29,0.58,0.0,137.0,17.0
2020-09-13,57.14,2.18,6.57,0.59,0.0,141.0,18.0
2020-09-14,57.14,2.18,6.57,0.58,0.0,139.0,17.0
2020-09-15,57.14,2.18,6.57,0.57,0.0,126.0,16.0
2020-09-16,57.14,2.18,6.57,0.57,0.0,117.0,16.0
2020-09-17,57.14,2.18,6.57,0.56,0.0,108.0,15.0
2020-09-18,57.14,2.18,6.57,0.54,0.0,106.0,12.0
2020-09-19,57.14,2.18,6.57,0.53,0.0,109.0,10.0
2020-09-20,39.71,1.52,5.14,0.53,0.0,107.0,8.0
2020-09-21,39.71,1.52,5.14,0.54,0.0,100.0,11.0
2020-09-22,39.71,1.52,5.14,0.54,0.0,89.0,11.0
2020-09-23,39.71,1.52,5.14,0.54,0.0,81.0,11.0
2020-09-24,39.71,1.52,5.14,0.55,0.0,71.0,11.0
2020-09-25,39.71,1.52,5.14,0.57,0.0,68.0,12.0
2020-09-26,39.71,1.52,5.14,0.59,0.0,65.0,12.0
2020-09-27,18.71,0.71,3.29,0.59,0.0,62.0,11.0
2020-09-28,18.71,0.71,3.29,0.62,0.0,60.0,8.0
2020-09-29,18.71,0.71,3.29,0.66,0.0,55.0,9.0
2020-09-30,18.71,0.71,3.29,0.69,0.0,50.0,9.0
2020-10-01,18.71,0.71,3.29,0.71,0.0,51.0,6.0
2020-10-02,18.71,0.71,3.29,0.74,0.0,49.0,6.0
2020-10-03,18.71,0.71,3.29,0.78,0.0,46.0,6.0
2020-10-04,15.0,0.57,2.71,0.83,0.0,46.0,6.0
2020-10-05,15.0,0.57,2.71,0.87,0.0,37.0,5.0
2020-10-06,15.0,0.57,2.71,0.89,0.0,32.0,6.0
2020-10-07,15.0,0.57,2.71,0.94,0.0,31.0,3.0
2020-10-08,15.0,0.57,2.71,0.97,0.0,28.0,4.0
2020-10-09,15.0,0.57,2.71,0.99,0.0,31.0,3.0
2020-10-10,15.0,0.57,2.71,1.0,0.0,31.0,1.0
2020-10-11,17.57,0.67,0.71,1.01,0.0,32.0,1.0
2020-10-12,17.57,0.67,0.71,1.0,0.0,31.0,1.0
2020-10-13,17.57,0.67,0.71,0.97,0.0,28.0,1.0
2020-10-14,17.57,0.67,0.71,0.94,0.0,26.0,1.0
2020-10-15,17.57,0.67,0.71,0.9,0.0,20.0,1.0
2020-10-16,17.57,0.67,0.71,0.87,0.0,18.0,0.0
2020-10-17,17.57,0.67,0.71,0.87,0.0,16.0,1.0
2020-10-18,19.86,0.76,0.14,0.89,0.0,17.0,1.0
2020-10-19,19.86,0.76,0.14,0.93,0.0,17.0,1.0
2020-10-20,19.86,0.76,0.14,1.0,0.0,16.0,1.0
2020-10-21,19.86,0.76,0.14,0.99,0.0,16.0,0.0
2020-10-22,19.86,0.76,0.14,0.97,0.0,20.0,0.0
2020-10-23,19.86,0.76,0.14,0.95,0.0,18.0,0.0
2020-10-24,19.86,0.76,0.14,0.91,0.0,17.0,0.0
2020-10-25,16.57,0.63,0.29,0.88,0.0,17.0,0.0
2020-10-26,16.57,0.63,0.29,0.85,0.0,15.0,1.0
2020-10-27,16.57,0.63,0.29,0.82,0.0,13.0,1.0
2020-10-28,16.57,0.63,0.29,0.8,0.0,19.0,1.0
2020-10-29,16.57,0.63,0.29,0.78,0.0,20.0,1.0
2020-10-30,16.57,0.63,0.29,0.75,0.0,17.0,1.0
2020-10-31,16.57,0.63,0.29,0.74,0.0,17.0,1.0
2020-11-01,13.0,0.5,0.0,0.74,0.0,16.0,1.0
2020-11-02,13.0,0.5,0.0,0.77,0.0,15.0,1.0
2020-11-03,13.0,0.5,0.0,0.79,0.0,20.0,1.0
2020-11-04,13.0,0.5,0.0,0.81,0.0,21.0,1.0
2020-11-05,13.0,0.5,0.0,0.82,0.0,20.0,1.0
2020-11-06,13.0,0.5,0.0,0.79,0.0,19.0,1.0
2020-11-07,13.0,0.5,0.0,0.76,0.0,19.0,1.0
2020-11-08,8.86,0.34,0.0,0.78,0.0,20.0,1.0
2020-11-09,8.86,0.34,0.0,0.82,0.0,20.0,0.0
2020-11-10,8.86,0.34,0.0,0.88,0.0,22.0,0.0
2020-11-11,8.86,0.34,0.0,0.98,0.0,22.0,0.0
2020-11-12,8.86,0.34,0.0,1.12,0.0,22.0,0.0
2020-11-13,8.86,0.34,0.0,1.3,0.0,21.0,0.0
2020-11-14,8.86,0.34,0.0,1.49,0.0,22.0,0.0
2020-11-15,8.43,0.32,0.43,1.52,0.0,24.0,0.0
2020-11-16,8.43,0.32,0.43,1.4,0.0,23.0,0.0
2020-11-17,8.43,0.32,0.43,1.31,0.0,22.0,0.0
2020-11-18,8.43,0.32,0.43,1.2,0.0,26.0,0.0
2020-11-19,8.43,0.32,0.43,1.13,0.0,23.0,0.0
2020-11-20,8.43,0.32,0.43,1.08,0.0,25.0,0.0
2020-11-21,8.43,0.32,0.43,1.03,0.0,22.0,0.0
2020-11-22,13.71,0.52,0.0,1.0,0.0,21.0,0.0
2020-11-23,13.71,0.52,0.0,0.98,0.0,25.0,0.0
2020-11-24,13.71,0.52,0.0,0.96,0.0,24.0,0.0
2020-11-25,13.71,0.52,0.0,0.95,0.0,24.0,0.0
2020-11-26,13.71,0.52,0.0,0.94,0.0,22.0,0.0
2020-11-27,13.71,0.52,0.0,0.92,0.0,21.0,0.0
2020-11-28,13.71,0.52,0.0,0.9,0.0,21.0,0.0
2020-11-29,11.14,0.42,0.14,0.92,0.0,22.0,0.0
2020-11-30,11.14,0.42,0.14,0.95,0.0,21.0,0.0
2020-12-01,11.14,0.42,0.14,0.98,0.0,21.0,0.0
2020-12-02,11.14,0.42,0.14,0.99,0.0,26.0,0.0
2020-12-03,11.14,0.42,0.14,0.96,0.0,27.0,0.0
2020-12-04,11.14,0.42,0.14,0.93,0.0,28.0,0.0
2020-12-05,11.14,0.42,0.14,0.94,0.0,29.0,0.0
2020-12-06,10.14,0.39,0.14,0.95,0.0,33.0,0.0
2020-12-07,10.14,0.39,0.14,0.99,0.0,37.0,0.0
2020-12-08,10.14,0.39,0.14,0.99,0.0,32.0,0.0
2020-12-09,10.14,0.39,0.14,1.01,0.0,38.0,0.0
2020-12-10,10.14,0.39,0.14,1.05,0.0,38.0,0.0
2020-12-11,10.14,0.39,0.14,1.07,0.0,37.0,0.0
2020-12-12,10.14,0.39,0.14,1.09,0.0,34.0,0.0
2020-12-13,9.86,0.38,0.0,1.15,0.0,28.0,1.0
2020-12-14,9.86,0.38,0.0,1.24,0.0,31.0,1.0
2020-12-15,9.86,0.38,0.0,1.34,0.0,28.0,1.0
2020-12-16,9.86,0.38,0.0,1.44,0.0,29.0,0.0
2020-12-17,9.86,0.38,0.0,1.53,0.0,24.0,0.0
2020-12-18,9.86,0.38,0.0,1.59,0.0,25.0,0.0
2020-12-19,9.86,0.38,0.0,1.58,0.0,26.0,0.0
2020-12-20,14.71,0.56,0.0,1.49,0.0,23.0,0.0
2020-12-21,14.71,0.56,0.0,1.38,0.0,22.0,0.0
2020-12-22,14.71,0.56,0.0,1.29,0.0,20.0,0.0
2020-12-23,14.71,0.56,0.0,1.23,0.0,21.0,0.0
2020-12-24,14.71,0.56,0.0,1.15,0.0,24.0,0.0
2020-12-25,14.71,0.56,0.0,1.12,0.0,23.0,0.0
2020-12-26,14.71,0.56,0.0,1.1,0.0,25.0,0.0
2020-12-27,24.0,0.92,0.14,1.12,0.0,19.0,0.0
2020-12-28,24.0,0.92,0.14,1.12,0.0,24.0,0.0
2020-12-29,24.0,0.92,0.14,1.13,0.0,19.0,0.0
2020-12-30,24.0,0.92,0.14,1.12,0.0,22.0,0.0
2020-12-31,24.0,0.92,0.14,1.09,0.0,19.0,0.0
2021-01-01,24.0,0.92,0.14,1.06,0.0,25.0,0.0
2021-01-02,24.0,0.92,0.14,1.01,0.0,26.0,0.0
2021-01-03,26.71,1.02,0.29,0.96,0.0,26.0,0.0
2021-01-04,26.71,1.02,0.29,0.92,0.0,32.0,0.0
2021-01-05,26.71,1.02,0.29,0.9,0.0,36.0,0.0
2021-01-06,26.71,1.02,0.29,0.88,0.0,38.0,0.0
2021-01-07,26.71,1.02,0.29,0.87,0.0,41.0,0.0
2021-01-08,26.71,1.02,0.29,0.84,0.0,40.0,0.0
2021-01-09,26.71,1.02,0.29,0.85,0.0,41.0,0.0
2021-01-10,16.0,0.61,0.0,0.86,0.0,45.0,0.0
2021-01-11,16.0,0.61,0.0,0.86,0.0,47.0,0.0
2021-01-12,16.0,0.61,0.0,0.84,0.0,44.0,1.0
2021-01-13,16.0,0.61,0.0,0.82,0.0,46.0,1.0
2021-01-14,16.0,0.61,0.0,0.81,0.0,51.0,1.0
2021-01-15,16.0,0.61,0.0,0.82,0.0,47.0,2.0
2021-01-16,16.0,0.61,0.0,0.81,0.0,38.0,2.0
2021-01-17,16.14,0.62,0.14,0.77,0.0,34.0,2.0
2021-01-18,16.14,0.62,0.14,0.73,0.0,32.0,1.0
2021-01-19,16.14,0.62,0.14,0.69,0.0,36.0,1.0
2021-01-20,16.14,0.62,0.14,0.67,0.0,32.0,1.0
2021-01-21,16.14,0.62,0.14,0.65,0.0,34.0,0.0
2021-01-22,16.14,0.62,0.14,0.64,0.0,32.0,0.0
2021-01-23,16.14,0.62,0.14,0.65,0.0,26.0,0.0
2021-01-24,8.29,0.32,0.0,0.66,0.0,25.0,0.0
2021-01-25,8.29,0.32,0.0,0.66,0.0,28.0,0.0
2021-01-26,8.29,0.32,0.0,0.67,0.0,21.0,0.0
2021-01-27,8.29,0.32,0.0,0.69,0.0,21.0,0.0
2021-01-28,8.29,0.32,0.0,0.71,0.0,20.0,0.0
2021-01-29,8.29,0.32,0.0,0.73,0.0,14.0,0.0
2021-01-30,8.29,0.32,0.0,0.75,0.0,14.0,0.0
2021-01-31,6.43,0.24,0.0,0.77,0.0,10.0,0.0
2021-02-01,6.43,0.24,0.0,0.79,0.0,9.0,0.0
2021-02-02,6.43,0.24,0.0,0.8,0.0,9.0,0.0
2021-02-03,6.43,0.24,0.0,0.82,0.0,10.0,0.0
2021-02-04,6.43,0.24,0.0,0.82,0.0,9.0,0.0
2021-02-05,6.43,0.24,0.0,0.84,0.0,9.0,0.0
2021-02-06,6.43,0.24,0.0,0.85,0.0,11.0,0.0
2021-02-07,5.57,0.21,0.0,0.89,0.0,10.0,0.0
2021-02-08,5.57,0.21,0.0,0.92,0.0,11.0,1.0
2021-02-09,5.57,0.21,0.0,0.96,0.0,12.0,1.0
2021-02-10,5.57,0.21,0.0,0.96,0.0,11.0,1.0
2021-02-11,5.57,0.21,0.0,0.94,0.0,12.0,1.0
2021-02-12,5.57,0.21,0.0,0.91,0.0,11.0,0.0
2021-02-13,5.57,0.21,0.0,0.89,0.0,14.0,0.0
2021-02-14,6.86,0.26,0.0,0.86,0.0,14.0,0.0
2021-02-15,6.86,0.26,0.0,0.85,0.0,12.0,0.0
2021-02-16,6.86,0.26,0.0,0.85,0.0,11.0,0.0
2021-02-17,6.86,0.26,0.0,0.85,0.0,12.0,0.0
2021-02-18,6.86,0.26,0.0,0.89,0.0,10.0,1.0
2021-02-19,6.86,0.26,0.0,0.94,0.0,10.0,1.0
2021-02-20,6.86,0.26,0.0,1.0,0.0,10.0,1.0
2021-02-21,4.0,0.15,0.14,1.04,0.0,11.0,1.0
2021-02-22,4.0,0.15,0.14,1.09,0.0,11.0,0.0
2021-02-23,4.0,0.15,0.14,1.12,0.0,12.0,0.0
2021-02-24,4.0,0.15,0.14,1.2,0.0,13.0,0.0
2021-02-25,4.0,0.15,0.14,1.25,0.0,17.0,0.0
2021-02-26,4.0,0.15,0.14,1.27,0.0,21.0,1.0
2021-02-27,4.0,0.15,0.14,1.28,0.0,19.0,0.0
2021-02-28,6.29,0.24,0.0,1.29,0.0,17.0,1.0
2021-03-01,6.29,0.24,0.0,1.3,0.0,24.0,1.0
2021-03-02,6.29,0.24,0.0,1.31,0.0,20.0,1.0
2021-03-03,6.29,0.24,0.0,1.32,0.0,27.0,1.0
2021-03-04,6.29,0.24,0.0,1.31,0.0,24.0,1.0
2021-03-05,6.29,0.24,0.0,1.29,0.0,27.0,1.0
2021-03-06,6.29,0.24,0.0,1.28,0.0,29.0,1.0
2021-03-07,9.57,0.36,0.0,1.29,0.0,29.0,1.0
2021-03-08,9.57,0.36,0.0,1.28,0.0,29.0,1.0
2021-03-09,9.57,0.36,0.0,1.25,0.0,42.0,1.0
2021-03-10,9.57,0.36,0.0,1.22,0.0,46.0,0.0
2021-03-11,9.57,0.36,0.0,1.17,0.0,44.0,0.0
2021-03-12,9.57,0.36,0.0,1.14,0.0,48.0,0.0
2021-03-13,9.57,0.36,0.0,1.11,0.0,41.0,0.0
2021-03-14,11.43,0.44,0.14,1.09,0.0,37.0,0.0
2021-03-15,11.43,0.44,0.14,1.07,0.0,43.0,0.0
2021-03-16,11.43,0.44,0.14,1.08,0.0,47.0,1.0
2021-03-17,11.43,0.44,0.14,1.06,0.01,46.0,0.0
2021-03-18,11.43,0.44,0.14,1.04,0.01,63.0,1.0
2021-03-19,11.43,0.44,0.14,1.0,0.01,64.0,3.0
2021-03-20,11.43,0.44,0.14,0.97,0.01,60.0,2.0
2021-03-21,11.29,0.43,0.0,0.95,0.08,64.0,1.0
2021-03-22,11.29,0.43,0.0,0.94,0.09,66.0,1.0
2021-03-23,11.29,0.43,0.0,0.96,0.09,72.0,1.0
2021-03-24,11.29,0.43,0.0,0.99,0.11,71.0,1.0
2021-03-25,11.29,0.43,0.0,1.04,0.13,73.0,1.0
2021-03-26,11.29,0.43,0.0,1.09,0.13,75.0,2.0
2021-03-27,11.29,0.43,0.0,1.12,0.14,77.0,2.0
2021-03-28,9.14,0.35,0.0,1.14,0.14,78.0,2.0
2021-03-29,9.14,0.35,0.0,1.13,0.18,83.0,2.0
2021-03-30,9.14,0.35,0.0,1.08,0.19,76.0,1.0
2021-03-31,9.14,0.35,0.0,1.06,0.28,87.0,1.0
2021-04-01,9.14,0.35,0.0,1.02,0.3,86.0,1.0
2021-04-02,9.14,0.35,0.0,0.98,0.31,78.0,2.0
2021-04-03,9.14,0.35,0.0,0.96,0.31,81.0,3.0
2021-04-04,12.57,0.48,0.14,0.94,0.31,84.0,3.0
2021-04-05,12.57,0.48,0.14,0.93,0.32,79.0,2.0
2021-04-06,12.57,0.48,0.14,0.94,0.35,82.0,2.0
2021-04-07,12.57,0.48,0.14,0.94,0.37,76.0,2.0
2021-04-08,12.57,0.48,0.14,0.97,0.52,76.0,2.0
2021-04-09,12.57,0.48,0.14,1.04,0.55,69.0,1.0
2021-04-10,12.57,0.48,0.14,1.12,0.56,65.0,1.0
2021-04-11,8.14,0.31,0.0,1.19,0.57,62.0,1.0
2021-04-12,8.14,0.31,0.0,1.24,0.6,63.0,2.0
2021-04-13,8.14,0.31,0.0,1.3,0.63,59.0,2.0
2021-04-14,8.14,0.31,0.0,1.33,0.65,50.0,2.0
2021-04-15,8.14,0.31,0.0,1.32,0.68,46.0,2.0
2021-04-16,8.14,0.31,0.0,1.34,0.7,44.0,2.0
2021-04-17,8.14,0.31,0.0,1.34,0.71,44.0,3.0
2021-04-18,16.29,0.62,0.29,1.32,0.71,47.0,3.0
2021-04-19,16.29,0.62,0.29,1.32,0.74,48.0,3.0
2021-04-20,16.29,0.62,0.29,1.31,0.77,47.0,1.0
2021-04-21,16.29,0.62,0.29,1.32,0.84,47.0,1.0
2021-04-22,16.29,0.62,0.29,1.33,0.87,61.0,1.0
2021-04-23,16.29,0.62,0.29,1.26,0.88,67.0,1.0
2021-04-24,16.29,0.62,0.29,1.21,0.89,68.0,1.0
2021-04-25,21.0,0.8,0.0,1.2,0.89,73.0,1.0
2021-04-26,21.0,0.8,0.0,1.19,0.89,71.0,1.0
2021-04-27,21.0,0.8,0.0,1.14,0.91,75.0,2.0
2021-04-28,21.0,0.8,0.0,1.07,0.94,69.0,2.0
2021-04-29,21.0,0.8,0.0,1.01,0.97,72.0,2.0
2021-04-30,21.0,0.8,0.0,0.94,0.99,74.0,2.0
2021-05-01,21.0,0.8,0.0,0.89,0.99,63.0,2.0
2021-05-02,22.86,0.87,0.0,0.84,1.0,57.0,1.0
2021-05-03,22.86,0.87,0.0,0.8,1.01,60.0,1.0
2021-05-04,22.86,0.87,0.0,0.79,1.04,54.0,1.0
2021-05-05,22.86,0.87,0.0,0.78,1.06,46.0,1.0
2021-05-06,22.86,0.87,0.0,0.76,1.09,38.0,1.0
2021-05-07,22.86,0.87,0.0,0.75,1.12,38.0,1.0
2021-05-08,22.86,0.87,0.0,0.73,1.12,36.0,2.0
2021-05-09,13.86,0.53,0.0,0.69,1.13,31.0,2.0
2021-05-10,13.86,0.53,0.0,0.65,1.15,29.0,2.0
2021-05-11,13.86,0.53,0.0,0.64,1.17,31.0,3.0
2021-05-12,13.86,0.53,0.0,0.64,1.2,27.0,3.0
2021-05-13,13.86,0.53,0.0,0.64,1.22,24.0,3.0
2021-05-14,13.86,0.53,0.0,0.66,1.25,23.0,3.0
2021-05-15,13.86,0.53,0.0,0.68,1.26,19.0,3.0
2021-05-16,7.43,0.28,0.0,0.68,1.27,21.0,3.0
2021-05-17,7.43,0.28,0.0,0.7,1.57,23.0,3.0
2021-05-18,7.43,0.28,0.0,0.73,1.6,23.0,1.0
2021-05-19,7.43,0.28,0.0,0.76,1.63,21.0,1.0
2021-05-20,7.43,0.28,0.0,0.83,1.66,17.0,1.0
2021-05-21,7.43,0.28,0.0,0.9,0.0,20.0,1.0
2021-05-22,7.43,0.28,0.0,0.99,0.0,17.0,1.0
2021-05-23,5.14,0.2,0.0,1.11,0.0,17.0,1.0
2021-05-24,5.14,0.2,0.0,1.19,1.66,18.0,1.0
2021-05-25,5.14,0.2,0.0,1.25,1.81,19.0,1.0
2021-05-26,5.14,0.2,0.0,1.25,1.84,17.0,2.0
2021-05-27,5.14,0.2,0.0,1.22,1.87,18.0,2.0
2021-05-28,5.14,0.2,0.0,1.17,1.9,17.0,1.0
2021-05-29,5.14,0.2,0.0,1.14,1.91,19.0,1.0
2021-05-30,12.43,0.47,0.0,1.1,1.91,21.0,1.0
2021-05-31,12.43,0.47,0.0,1.09,1.93,17.0,1.0
2021-06-01,12.43,0.47,0.0,1.08,2.07,21.0,1.0
2021-06-02,12.43,0.47,0.0,1.09,2.1,22.0,0.0
2021-06-03,12.43,0.47,0.0,1.11,2.14,19.0,0.0
2021-06-04,12.43,0.47,0.0,1.15,2.18,17.0,0.0
2021-06-05,12.43,0.47,0.0,1.15,2.19,16.0,0.0
2021-06-06,51.0,1.95,0.0,1.12,2.34,17.0,0.0
2021-06-07,51.0,1.95,0.0,1.08,2.43,19.0,0.0
2021-06-08,51.0,1.95,0.0,1.04,2.49,13.0,0.0
2021-06-09,51.0,1.95,0.0,1.02,2.56,16.0,0.0
2021-06-10,51.0,1.95,0.0,1.01,2.62,16.0,0.0
2021-06-11,51.0,1.95,0.0,1.02,2.69,15.0,0.0
2021-06-12,51.0,1.95,0.0,1.06,2.71,16.0,0.0
2021-06-13,8.29,0.32,0.0,1.08,3.31,25.0,1.0
2021-06-14,8.29,0.32,0.0,1.11,3.45,25.0,1.0
2021-06-15,8.29,0.32,0.0,1.14,3.54,27.0,1.0
2021-06-16,8.29,0.32,0.0,1.15,3.67,29.0,1.0
2021-06-17,8.29,0.32,0.0,1.17,3.9,32.0,1.0
2021-06-18,8.29,0.32,0.0,1.2,3.99,36.0,1.0
2021-06-19,8.29,0.32,0.0,1.24,4.04,35.0,1.0
2021-06-20,12.43,0.47,0.0,1.31,4.13,36.0,1.0
2021-06-21,12.43,0.47,0.0,1.35,4.16,37.0,1.0
2021-06-22,12.43,0.47,0.0,1.41,4.64,43.0,0.0
2021-06-23,12.43,0.47,0.0,1.48,4.75,45.0,0.0
2021-06-24,12.43,0.47,0.0,1.53,5.2,48.0,1.0
2021-06-25,12.43,0.47,0.0,1.58,5.3,50.0,1.0
2021-06-26,12.43,0.47,0.0,1.59,5.54,50.0,1.0
2021-06-27,33.57,1.28,0.0,1.56,5.64,59.0,2.0
2021-06-28,33.57,1.28,0.0,1.55,5.65,60.0,1.0
2021-06-29,33.57,1.28,0.0,1.53,5.91,62.0,1.0
2021-06-30,33.57,1.28,0.0,1.5,6.24,67.0,3.0
2021-07-01,33.57,1.28,0.0,1.46,6.59,73.0,4.0
2021-07-02,33.57,1.28,0.0,1.41,6.91,66.0,6.0
2021-07-03,33.57,1.28,0.0,1.37,7.09,75.0,7.0
2021-07-04,39.43,1.5,0.0,1.36,7.17,83.0,7.0
2021-07-05,39.43,1.5,0.0,1.37,7.43,78.0,9.0
2021-07-06,39.43,1.5,0.0,1.4,7.73,91.0,8.0
2021-07-07,39.43,1.5,0.0,1.45,8.02,98.0,13.0
2021-07-08,39.43,1.5,0.0,1.52,8.33,100.0,12.0
2021-07-09,39.43,1.5,0.0,1.59,8.61,106.0,18.0
2021-07-10,39.43,1.5,0.0,1.66,8.8,107.0,17.0
2021-07-11,78.43,2.99,0.29,1.69,8.88,124.0,20.0
2021-07-12,78.43,2.99,0.29,1.67,9.17,119.0,23.0
2021-07-13,78.43,2.99,0.29,1.63,9.51,122.0,22.0
2021-07-14,78.43,2.99,0.29,1.59,9.85,126.0,22.0
2021-07-15,78.43,2.99,0.29,1.56,10.2,128.0,21.0
2021-07-16,78.43,2.99,0.29,1.53,10.52,113.0,20.0
2021-07-17,78.43,2.99,0.29,1.49,10.7,114.0,20.0
2021-07-18,125.0,4.77,0.71,1.46,10.8,123.0,26.0
2021-07-19,125.0,4.77,0.71,1.44,11.1,137.0,29.0
2021-07-20,125.0,4.77,0.71,1.43,11.44,146.0,26.0
2021-07-21,125.0,4.77,0.71,1.43,11.8,158.0,31.0
2021-07-22,125.0,4.77,0.71,1.41,12.16,170.0,35.0
2021-07-23,125.0,4.77,0.71,1.39,12.5,173.0,41.0
2021-07-24,125.0,4.77,0.71,1.38,12.71,173.0,46.0
2021-07-25,180.0,6.87,0.71,1.38,12.83,191.0,47.0
2021-07-26,180.0,6.87,0.71,1.38,13.16,207.0,50.0
2021-07-27,180.0,6.87,0.71,1.38,13.54,221.0,59.0
2021-07-28,180.0,6.87,0.71,1.37,13.97,224.0,58.0
2021-07-29,180.0,6.87,0.71,1.35,14.37,234.0,62.0
2021-07-30,180.0,6.87,0.71,1.34,14.77,250.0,57.0
2021-07-31,180.0,6.87,0.71,1.34,15.0,276.0,59.0
2021-08-01,238.14,9.09,1.0,1.33,15.15,290.0,59.0
2021-08-02,238.14,9.09,1.0,1.33,15.52,318.0,58.0
2021-08-03,238.14,9.09,1.0,1.34,15.95,366.0,57.0
2021-08-04,238.14,9.09,1.0,1.34,16.39,374.0,56.0
2021-08-05,238.14,9.09,1.0,1.35,16.84,392.0,55.0
2021-08-06,238.14,9.09,1.0,1.34,17.29,433.0,61.0
2021-08-07,238.14,9.09,1.0,1.34,17.62,433.0,62.0
2021-08-08,330.43,12.61,2.29,1.35,17.77,428.0,70.0
2021-08-09,330.43,12.61,2.29,1.36,18.19,433.0,62.0
2021-08-10,330.43,12.61,2.29,1.37,18.69,441.0,64.0
2021-08-11,330.43,12.61,2.29,1.37,19.19,428.0,65.0
2021-08-12,330.43,12.61,2.29,1.39,19.71,442.0,67.0
2021-08-13,330.43,12.61,2.29,1.41,20.23,427.0,68.0
2021-08-14,330.43,12.61,2.29,1.42,20.52,424.0,66.0
2021-08-15,516.14,19.7,3.86,1.44,20.67,436.0,69.0
2021-08-16,516.14,19.7,3.86,1.47,21.17,492.0,73.0
2021-08-17,516.14,19.7,3.86,1.49,21.67,503.0,80.0
2021-08-18,516.14,19.7,3.86,1.5,22.22,513.0,86.0
2021-08-19,516.14,19.7,3.86,1.5,22.76,506.0,87.0
2021-08-20,516.14,19.7,3.86,1.5,23.32,554.0,93.0
2021-08-21,516.14,19.7,3.86,1.49,23.65,605.0,106.0
2021-08-22,876.14,33.44,3.14,1.47,23.84,641.0,111.0
2021-08-23,876.14,33.44,3.14,1.45,24.33,668.0,119.0
2021-08-24,876.14,33.44,3.14,1.44,24.86,709.0,125.0
2021-08-25,876.14,33.44,3.14,1.42,25.45,767.0,132.0
2021-08-26,876.14,33.44,3.14,1.41,26.01,842.0,134.0
2021-08-27,876.14,33.44,3.14,1.4,26.55,854.0,141.0
2021-08-28,876.14,33.44,3.14,1.4,26.91,893.0,140.0
2021-08-29,1162.86,44.38,2.86,1.39,27.11,926.0,155.0
2021-08-30,1162.86,44.38,2.86,1.37,27.59,953.0,162.0
2021-08-31,1162.86,44.38,2.86,1.35,28.15,1008.0,175.0
2021-09-01,1162.86,44.38,2.86,1.34,28.7,1048.0,184.0
2021-09-02,1162.86,44.38,2.86,1.33,29.24,1071.0,179.0
2021-09-03,1162.86,44.38,2.86,1.32,29.77,1145.0,198.0
2021-09-04,1162.86,44.38,2.86,1.29,30.1,1137.0,200.0
2021-09-05,1584.86,60.49,7.43,1.27,30.27,1191.0,204.0
2021-09-06,1584.86,60.49,7.43,1.25,30.74,1287.0,223.0
2021-09-07,1584.86,60.49,7.43,1.23,31.27,1280.0,229.0
2021-09-08,1584.86,60.49,7.43,1.21,31.82,1348.0,236.0
2021-09-09,1584.86,60.49,7.43,1.19,32.4,1318.0,244.0
2021-09-10,1584.86,60.49,7.43,1.17,32.97,1337.0,258.0
2021-09-11,1584.86,60.49,7.43,1.15,33.31,1377.0,257.0
2021-09-12,1799.43,68.68,8.0,1.13,33.52,1373.0,263.0
2021-09-13,1799.43,68.68,8.0,1.11,34.08,1440.0,279.0
2021-09-14,1799.43,68.68,8.0,1.09,34.63,1441.0,279.0
2021-09-15,1799.43,68.68,8.0,1.08,35.21,1443.0,283.0
2021-09-16,1799.43,68.68,8.0,1.06,35.76,1483.0,279.0
2021-09-17,1799.43,68.68,8.0,1.05,36.4,1455.0,291.0
2021-09-18,1799.43,68.68,8.0,1.04,36.8,1470.0,291.0
2021-09-19,1757.29,67.07,11.0,1.04,37.06,1442.0,297.0
2021-09-20,1757.29,67.07,11.0,1.04,37.64,1539.0,306.0
2021-09-21,1757.29,67.07,11.0,1.04,38.27,1518.0,302.0
2021-09-22,1757.29,67.07,11.0,1.04,38.9,1530.0,295.0
2021-09-23,1757.29,67.07,11.0,1.05,39.56,1508.0,301.0
2021-09-24,1757.29,67.07,11.0,1.05,40.2,1529.0,298.0
2021-09-25,1757.29,67.07,11.0,1.06,40.63,1493.0,299.0
2021-09-26,1785.43,68.14,13.57,1.07,40.89,1538.0,292.0
2021-09-27,1785.43,68.14,13.57,1.09,41.49,1551.0,297.0
2021-09-28,1785.43,68.14,13.57,1.1,42.17,1479.0,296.0
2021-09-29,1785.43,68.14,13.57,1.11,42.8,1514.0,303.0
2021-09-30,1785.43,68.14,13.57,1.11,43.5,1483.0,300.0
2021-10-01,1785.43,68.14,13.57,1.11,44.2,1468.0,302.0
2021-10-02,1785.43,68.14,13.57,1.11,44.66,1496.0,299.0
2021-10-03,2200.14,83.97,15.71,1.12,44.95,1496.0,296.0
2021-10-04,2200.14,83.97,15.71,1.12,45.34,1535.0,298.0
2021-10-05,2200.14,83.97,15.71,1.1,46.17,1526.0,291.0
2021-10-06,2200.14,83.97,15.71,1.1,46.96,1520.0,306.0
2021-10-07,2200.14,83.97,15.71,1.09,47.76,1522.0,293.0
2021-10-08,2200.14,83.97,15.71,1.09,48.59,1437.0,287.0
2021-10-09,2200.14,83.97,15.71,1.08,49.22,1446.0,293.0
2021-10-10,2183.0,83.32,17.0,1.07,49.65,1492.0,296.0
2021-10-11,2183.0,83.32,17.0,1.05,50.47,1486.0,309.0
2021-10-12,2183.0,83.32,17.0,1.05,51.37,1462.0,306.0
2021-10-13,2183.0,83.32,17.0,1.04,52.23,1458.0,296.0
2021-10-14,2183.0,83.32,17.0,1.03,53.07,1414.0,311.0
2021-10-15,2183.0,83.32,17.0,1.02,53.87,1493.0,312.0
2021-10-16,2183.0,83.32,17.0,1.01,54.42,1441.0,298.0
2021-10-17,2192.43,83.68,15.0,1.0,54.86,1502.0,297.0
2021-10-18,2192.43,83.68,15.0,0.99,55.62,1416.0,288.0
2021-10-19,2192.43,83.68,15.0,0.98,56.36,1378.0,280.0
2021-10-20,2192.43,83.68,15.0,0.97,57.1,1343.0,276.0
2021-10-21,2192.43,83.68,15.0,0.96,57.85,1309.0,282.0
2021-10-22,2192.43,83.68,15.0,0.94,58.61,1284.0,279.0
2021-10-23,2192.43,83.68,15.0,0.93,59.15,1312.0,276.0
2021-10-24,1965.57,75.02,15.43,0.91,59.48,1317.0,278.0
2021-10-25,1965.57,75.02,15.43,0.9,60.1,1309.0,265.0
2021-10-26,1965.57,75.02,15.43,0.88,60.71,1192.0,241.0
2021-10-27,1965.57,75.02,15.43,0.86,61.31,1151.0,226.0
2021-10-28,1965.57,75.02,15.43,0.84,61.93,1126.0,216.0
2021-10-29,1965.57,75.02,15.43,0.83,62.51,1113.0,221.0
2021-10-30,1965.57,75.02,15.43,0.82,62.91,1064.0,211.0
2021-10-31,1435.14,54.77,16.0,0.82,63.14,1068.0,216.0
2021-11-01,1435.14,54.77,16.0,0.82,63.71,1018.0,203.0
2021-11-02,1435.14,54.77,16.0,0.82,64.09,983.0,187.0
2021-11-03,1435.14,54.77,16.0,0.84,64.59,978.0,180.0
2021-11-04,1435.14,54.77,16.0,0.85,65.07,931.0,171.0
2021-11-05,1435.14,54.77,16.0,0.87,65.57,934.0,162.0
2021-11-06,1435.14,54.77,16.0,0.88,65.85,851.0,149.0
2021-11-07,1380.86,52.7,13.86,0.89,66.02,835.0,140.0
2021-11-08,1380.86,52.7,13.86,0.89,66.43,851.0,133.0
2021-11-09,1380.86,52.7,13.86,0.89,66.8,724.0,125.0
2021-11-10,1380.86,52.7,13.86,0.89,67.17,702.0,119.0
2021-11-11,1380.86,52.7,13.86,0.89,67.54,681.0,116.0
2021-11-12,1380.86,52.7,13.86,0.9,67.91,654.0,172.0
2021-11-13,1380.86,52.7,13.86,0.9,68.13,638.0,179.0
2021-11-14,1243.0,47.44,9.43,0.91,68.27,615.0,181.0
2021-11-15,1243.0,47.44,9.43,0.92,68.6,632.0,166.0
2021-11-16,1243.0,47.44,9.43,0.93,68.92,598.0,157.0
2021-11-17,1243.0,47.44,9.43,0.95,69.21,574.0,158.0
2021-11-18,1243.0,47.44,9.43,0.97,69.5,559.0,144.0
2021-11-19,1243.0,47.44,9.43,0.99,69.78,538.0,143.0
2021-11-20,1243.0,47.44,9.43,1.0,69.94,547.0,146.0
2021-11-21,1332.86,50.87,11.57,1.01,70.0,564.0,130.0
2021-11-22,1332.86,50.87,11.57,1.01,70.33,550.0,134.0
2021-11-23,1332.86,50.87,11.57,1.02,70.57,531.0,143.0
2021-11-24,1332.86,50.87,11.57,1.02,70.8,563.0,130.0
2021-11-25,1332.86,50.87,11.57,1.03,71.03,557.0,130.0
2021-11-26,1332.86,50.87,11.57,1.03,71.26,536.0,121.0
2021-11-27,1332.86,50.87,11.57,1.03,71.38,512.0,126.0
2021-11-28,1392.0,53.13,8.0,1.03,71.45,542.0,126.0
2021-11-29,1392.0,53.13,8.0,1.04,71.66,543.0,124.0
2021-11-30,1392.0,53.13,8.0,1.05,71.85,532.0,119.0
2021-12-01,1392.0,53.13,8.0,1.06,72.04,513.0,118.0
2021-12-02,1392.0,53.13,8.0,1.07,72.24,511.0,115.0
2021-12-03,1392.0,53.13,8.0,1.08,72.44,517.0,116.0
2021-12-04,1392.0,53.13,8.0,1.1,72.55,541.0,112.0
2021-12-05,1503.71,57.39,7.43,1.11,72.62,562.0,118.0
2021-12-06,1503.71,57.39,7.43,1.13,72.79,543.0,133.0
2021-12-07,1503.71,57.39,7.43,1.15,72.97,529.0,125.0
2021-12-08,1503.71,57.39,7.43,1.16,73.15,539.0,123.0
2021-12-09,1503.71,57.39,7.43,1.2,73.33,544.0,130.0
2021-12-10,1503.71,57.39,7.43,1.24,73.49,541.0,139.0
2021-12-11,1503.71,57.39,7.43,1.3,73.58,535.0,140.0
2021-12-12,1914.71,73.08,5.14,1.37,73.62,569.0,142.0
2021-12-13,1914.71,73.08,5.14,1.43,73.84,610.0,141.0
2021-12-14,1914.71,73.08,5.14,1.5,74.02,625.0,153.0
2021-12-15,1914.71,73.08,5.14,1.55,74.19,672.0,149.0
2021-12-16,1914.71,73.08,5.14,1.6,74.37,716.0,142.0
2021-12-17,1914.71,73.08,5.14,1.65,74.55,717.0,148.0
2021-12-18,1914.71,73.08,5.14,1.69,74.64,759.0,146.0
2021-12-19,4498.43,171.69,7.71,1.73,74.69,754.0,151.0
2021-12-20,4498.43,171.69,7.71,1.77,74.83,774.0,156.0
2021-12-21,4498.43,171.69,7.71,1.81,74.95,794.0,156.0
2021-12-22,4498.43,171.69,7.71,1.86,75.07,860.0,161.0
2021-12-23,4498.43,171.69,7.71,1.89,75.17,911.0,172.0
2021-12-24,4498.43,171.69,7.71,1.94,0.0,906.0,167.0
2021-12-25,4498.43,171.69,7.71,1.97,0.0,969.0,171.0
2021-12-26,14252.0,543.95,9.86,2.02,75.25,1000.0,179.0
2021-12-27,14252.0,543.95,9.86,2.07,75.27,1067.0,190.0
2021-12-28,14252.0,543.95,9.86,2.12,75.29,1177.0,171.0
2021-12-29,14252.0,543.95,9.86,2.17,75.38,1310.0,167.0
2021-12-30,14252.0,543.95,9.86,2.21,75.47,1465.0,171.0
2021-12-31,14252.0,543.95,9.86,2.2,0.0,1605.0,182.0
2022-01-01,14252.0,543.95,9.86,2.19,0.0,1828.0,194.0
2022-01-02,41373.43,1579.08,14.71,2.17,75.55,2003.0,217.0
2022-01-03,41373.43,1579.08,14.71,2.17,75.57,2207.0,237.0
2022-01-04,41373.43,1579.08,14.71,2.15,75.66,2524.0,248.0
2022-01-05,41373.43,1579.08,14.71,2.09,75.76,2707.0,258.0
2022-01-06,41373.43,1579.08,14.71,2.03,75.86,2904.0,275.0
2022-01-07,41373.43,1579.08,14.71,1.97,75.95,3107.0,293.0
2022-01-08,41373.43,1579.08,14.71,1.88,76.01,3323.0,300.0
2022-01-09,84116.14,3210.42,31.29,1.78,76.04,3523.0,325.0
2022-01-10,84116.14,3210.42,31.29,1.69,76.13,3865.0,342.0
2022-01-11,84116.14,3210.42,31.29,1.6,76.2,4006.0,349.0
2022-01-12,84116.14,3210.42,31.29,1.53,76.28,4197.0,349.0
2022-01-13,84116.14,3210.42,31.29,1.42,76.36,4424.0,361.0
2022-01-14,84116.14,3210.42,31.29,1.32,76.43,4603.0,384.0
2022-01-15,84116.14,3210.42,31.29,1.23,76.46,4759.0,392.0
2022-01-16,66046.43,2520.76,62.86,1.14,76.48,5047.0,411.0
2022-01-17,66046.43,2520.76,62.86,1.06,76.54,5238.0,419.0
2022-01-18,66046.43,2520.76,62.86,0.98,76.6,5307.0,424.0
2022-01-19,66046.43,2520.76,62.86,0.91,76.66,5277.0,417.0
2022-01-20,66046.43,2520.76,62.86,0.87,76.72,5147.0,424.0
2022-01-21,66046.43,2520.76,62.86,0.84,76.78,5108.0,417.0
2022-01-22,66046.43,2520.76,62.86,0.83,76.81,5036.0,384.0
2022-01-23,49708.57,1897.2,94.29,0.82,76.83,5173.0,394.0
2022-01-24,49708.57,1897.2,94.29,0.81,76.87,5390.0,395.0
2022-01-25,49708.57,1897.2,94.29,0.81,76.93,5227.0,372.0
2022-01-26,49708.57,1897.2,94.29,0.81,76.95,5090.0,382.0
2022-01-27,49708.57,1897.2,94.29,0.81,77.01,5021.0,391.0
2022-01-28,49708.57,1897.2,94.29,0.82,77.08,4953.0,394.0
2022-01-29,49708.57,1897.2,94.29,0.8,77.12,4790.0,367.0
2022-01-30,38259.57,1460.23,95.71,0.78,77.15,4947.0,371.0
2022-01-31,38259.57,1460.23,95.71,0.76,77.21,4954.0,371.0
2022-02-01,38259.57,1460.23,95.71,0.74,77.27,4664.0,348.0
2022-02-02,38259.57,1460.23,95.71,0.72,77.33,4594.0,341.0
2022-02-03,38259.57,1460.23,95.71,0.71,77.39,4448.0,313.0
2022-02-04,38259.57,1460.23,95.71,0.71,77.45,4256.0,302.0
2022-02-05,38259.57,1460.23,95.71,0.72,77.48,4147.0,284.0
2022-02-06,28730.29,1096.53,83.0,0.73,77.5,3914.0,292.0
2022-02-07,28730.29,1096.53,83.0,0.73,77.55,3801.0,271.0
2022-02-08,28730.29,1096.53,83.0,0.73,77.6,3588.0,274.0
2022-02-09,28730.29,1096.53,83.0,0.74,77.65,3414.0,267.0
2022-02-10,28730.29,1096.53,83.0,0.76,77.7,3293.0,258.0
2022-02-11,28730.29,1096.53,83.0,0.79,77.75,3126.0,257.0
2022-02-12,28730.29,1096.53,83.0,0.81,77.78,3010.0,223.0
2022-02-13,24536.29,936.46,62.29,0.83,77.79,3069.0,231.0
2022-02-14,24536.29,936.46,62.29,0.86,77.83,2949.0,222.0
2022-02-15,24536.29,936.46,62.29,0.87,77.87,2738.0,223.0
2022-02-16,24536.29,936.46,62.29,0.9,77.91,2677.0,224.0
2022-02-17,24536.29,936.46,62.29,0.92,77.94,2528.0,208.0
2022-02-18,24536.29,936.46,62.29,0.94,77.98,2467.0,190.0
2022-02-19,24536.29,936.46,62.29,0.96,78.01,2392.0,184.0
2022-02-20,22918.43,874.72,46.29,0.97,78.02,2416.0,179.0
2022-02-21,22918.43,874.72,46.29,0.99,78.06,2407.0,171.0
2022-02-22,22918.43,874.72,46.29,1.0,78.09,2322.0,172.0
2022-02-23,22918.43,874.72,46.29,1.0,78.12,2186.0,157.0
2022-02-24,22918.43,874.72,46.29,1.01,78.16,2072.0,157.0
2022-02-25,22918.43,874.72,46.29,1.02,78.19,2025.0,150.0
2022-02-26,22918.43,874.72,46.29,1.04,78.21,1995.0,137.0
2022-02-27,22914.57,874.57,34.57,1.05,78.22,2003.0,136.0
2022-02-28,22914.57,874.57,34.57,1.06,78.25,1940.0,131.0
2022-03-01,22914.57,874.57,34.57,1.08,78.28,1904.0,121.0
2022-03-02,22914.57,874.57,34.57,1.11,78.3,1837.0,118.0
2022-03-03,22914.57,874.57,34.57,1.11,78.33,1752.0,110.0
2022-03-04,22914.57,874.57,34.57,1.12,78.36,1752.0,112.0
2022-03-05,22914.57,874.57,34.57,1.13,78.39,1737.0,113.0
2022-03-06,27959.57,1067.12,21.57,1.16,78.41,1809.0,117.0
2022-03-07,27959.57,1067.12,21.57,1.2,78.48,1788.0,112.0
2022-03-08,27959.57,1067.12,21.57,1.19,78.57,1737.0,112.0
2022-03-09,27959.57,1067.12,21.57,1.19,78.68,1688.0,108.0
2022-03-10,27959.57,1067.12,21.57,1.2,78.79,1689.0,101.0
2022-03-11,27959.57,1067.12,21.57,1.21,78.93,1655.0,97.0
2022-03-12,27959.57,1067.12,21.57,1.22,79.06,1702.0,108.0
2022-03-13,34549.71,1318.64,20.0,1.22,79.13,1727.0,112.0
2022-03-14,34549.71,1318.64,20.0,1.24,79.24,1801.0,105.0
2022-03-15,34549.71,1318.64,20.0,1.27,79.38,1782.0,105.0
2022-03-16,34549.71,1318.64,20.0,1.28,79.53,1855.0,96.0
2022-03-17,34549.71,1318.64,20.0,1.28,79.66,1812.0,92.0
2022-03-18,34549.71,1318.64,20.0,1.27,79.81,1903.0,85.0
2022-03-19,34549.71,1318.64,20.0,1.26,79.96,1943.0,87.0
2022-03-20,46748.57,1784.23,19.86,1.25,80.04,2046.0,87.0
2022-03-21,46748.57,1784.23,19.86,1.23,80.18,2107.0,95.0
2022-03-22,46748.57,1784.23,19.86,1.22,80.3,2104.0,95.0
2022-03-23,46748.57,1784.23,19.86,1.21,80.39,2149.0,102.0
2022-03-24,46748.57,1784.23,19.86,1.2,80.5,2152.0,96.0
2022-03-25,46748.57,1784.23,19.86,1.18,80.62,2159.0,100.0
2022-03-26,46748.57,1784.23,19.86,1.16,80.74,2176.0,102.0
2022-03-27,55108.86,2103.31,21.29,1.15,80.81,2301.0,113.0
2022-03-28,55108.86,2103.31,21.29,1.13,80.91,2364.0,119.0
2022-03-29,55108.86,2103.31,21.29,1.11,80.99,2446.0,102.0
2022-03-30,55108.86,2103.31,21.29,1.1,81.06,2492.0,89.0
2022-03-31,55108.86,2103.31,21.29,1.08,81.14,2533.0,88.0
2022-04-01,55108.86,2103.31,21.29,1.07,81.22,2522.0,95.0
2022-04-02,55108.86,2103.31,21.29,1.06,81.29,2581.0,103.0
2022-04-03,56568.86,2159.04,28.57,1.04,81.33,2699.0,107.0
2022-04-04,56568.86,2159.04,28.57,1.04,81.4,2836.0,114.0
2022-04-05,56568.86,2159.04,28.57,1.03,81.45,2811.0,107.0
2022-04-06,56568.86,2159.04,28.57,1.01,81.5,2778.0,102.0
2022-04-07,56568.86,2159.04,28.57,0.99,81.55,2818.0,95.0
2022-04-08,56568.86,2159.04,28.57,0.98,81.61,2844.0,103.0
2022-04-09,56568.86,2159.04,28.57,0.96,81.65,2941.0,113.0
2022-04-10,51395.0,1961.57,28.29,0.95,81.67,3092.0,121.0
2022-04-11,51395.0,1961.57,28.29,0.93,81.74,3145.0,130.0
2022-04-12,51395.0,1961.57,28.29,0.91,81.79,3147.0,126.0
2022-04-13,51395.0,1961.57,28.29,0.9,81.83,3138.0,126.0
2022-04-14,51395.0,1961.57,28.29,0.9,81.88,2979.0,128.0
2022-04-15,51395.0,1961.57,28.29,0.9,81.89,2996.0,134.0
2022-04-16,51395.0,1961.57,28.29,0.9,81.9,3070.0,130.0
2022-04-17,43740.57,1669.42,35.71,0.9,81.9,3178.0,140.0
2022-04-18,43740.57,1669.42,35.71,0.91,81.91,3276.0,144.0
2022-04-19,43740.57,1669.42,35.71,0.92,81.95,3329.0,161.0
2022-04-20,43740.57,1669.42,35.71,0.92,81.99,3312.0,147.0
2022-04-21,43740.57,1669.42,35.71,0.93,82.02,3236.0,134.0
2022-04-22,43740.57,1669.42,35.71,0.92,82.06,3210.0,133.0
2022-04-23,43740.57,1669.42,35.71,0.92,82.09,3152.0,135.0
2022-04-24,41326.0,1577.27,45.0,0.92,82.11,3144.0,132.0
2022-04-25,41326.0,1577.27,45.0,0.92,82.11,3291.0,141.0
2022-04-26,41326.0,1577.27,45.0,0.92,82.14,3391.0,142.0
2022-04-27,41326.0,1577.27,45.0,0.93,82.16,3284.0,149.0
2022-04-28,41326.0,1577.27,45.0,0.95,82.19,3169.0,137.0
2022-04-29,41326.0,1577.27,45.0,0.96,82.21,3177.0,139.0
2022-04-30,41326.0,1577.27,45.0,0.96,82.24,3099.0,149.0
2022-05-01,38864.86,1483.34,42.14,0.98,82.24,3218.0,135.0
2022-05-02,38864.86,1483.34,42.14,0.99,82.26,3088.0,143.0
2022-05-03,38864.86,1483.34,42.14,1.0,82.28,3104.0,142.0
2022-05-04,38864.86,1483.34,42.14,1.02,82.29,3131.0,133.0
2022-05-05,38864.86,1483.34,42.14,1.03,82.31,3125.0,126.0
2022-05-06,38864.86,1483.34,42.14,1.04,82.32,3071.0,130.0
2022-05-07,38864.86,1483.34,42.14,1.06,82.34,3073.0,131.0
2022-05-08,43437.29,1657.85,45.0,1.07,82.34,3139.0,129.0
2022-05-09,43437.29,1657.85,45.0,1.08,82.35,3168.0,123.0
2022-05-10,43437.29,1657.85,45.0,1.09,82.37,3102.0,114.0
2022-05-11,43437.29,1657.85,45.0,1.09,82.38,3004.0,122.0
2022-05-12,43437.29,1657.85,45.0,1.09,82.39,2988.0,123.0
2022-05-13,43437.29,1657.85,45.0,1.09,82.4,2956.0,122.0
2022-05-14,43437.29,1657.85,45.0,1.08,82.4,2988.0,129.0
2022-05-15,50053.57,1910.37,48.43,1.08,82.42,3101.0,138.0
2022-05-16,50053.57,1910.37,48.43,1.07,82.43,3162.0,130.0
2022-05-17,50053.57,1910.37,48.43,1.04,82.44,3134.0,133.0
2022-05-18,50053.57,1910.37,48.43,1.01,82.45,2986.0,119.0
2022-05-19,50053.57,1910.37,48.43,0.98,82.46,2891.0,118.0
2022-05-20,50053.57,1910.37,48.43,0.96,82.48,2829.0,107.0
2022-05-21,50053.57,1910.37,48.43,0.94,82.48,2844.0,108.0
2022-05-22,44530.86,1699.59,45.29,0.92,82.49,2912.0,106.0
2022-05-23,44530.86,1699.59,45.29,0.89,82.5,2927.0,117.0
2022-05-24,44530.86,1699.59,45.29,0.88,82.51,2889.0,108.0
2022-05-25,44530.86,1699.59,45.29,0.86,82.52,2905.0,101.0
2022-05-26,44530.86,1699.59,45.29,0.85,82.53,2863.0,99.0
2022-05-27,44530.86,1699.59,45.29,0.84,82.54,2715.0,92.0
2022-05-28,44530.86,1699.59,45.29,0.83,82.54,2712.0,90.0
2022-05-29,34347.0,1310.9,49.14,0.83,82.55,2774.0,97.0
2022-05-30,34347.0,1310.9,49.14,0.82,82.56,2777.0,93.0
2022-05-31,34347.0,1310.9,49.14,0.82,82.57,2686.0,87.0
2022-06-01,34347.0,1310.9,49.14,0.82,82.58,2570.0,85.0
2022-06-02,34347.0,1310.9,49.14,0.82,82.59,2723.0,87.0
2022-06-03,34347.0,1310.9,49.14,0.83,82.6,2660.0,83.0
2022-06-04,34347.0,1310.9,49.14,0.83,82.6,2689.0,91.0
2022-06-05,28566.29,1090.28,53.57,0.84,82.61,2756.0,94.0
2022-06-06,28566.29,1090.28,53.57,0.85,82.62,2804.0,87.0
2022-06-07,28566.29,1090.28,53.57,0.86,82.62,2778.0,99.0
2022-06-08,28566.29,1090.28,53.57,0.87,82.63,2744.0,102.0
2022-06-09,28566.29,1090.28,53.57,0.88,82.64,2705.0,101.0
2022-06-10,28566.29,1090.28,53.57,0.88,82.65,2651.0,97.0
2022-06-11,28566.29,1090.28,53.57,0.89,0.0,2682.0,96.0
2022-06-12,26353.14,1005.81,47.29,0.9,0.0,2739.0,86.0
2022-06-13,26353.14,1005.81,47.29,0.92,82.65,2851.0,102.0
2022-06-14,26353.14,1005.81,47.29,0.94,82.67,2887.0,104.0
2022-06-15,26353.14,1005.81,47.29,0.95,82.68,2813.0,97.0
2022-06-16,26353.14,1005.81,47.29,0.97,82.68,2817.0,93.0
2022-06-17,26353.14,1005.81,47.29,0.98,82.7,2815.0,103.0
2022-06-18,26353.14,1005.81,47.29,0.99,0.0,2905.0,111.0
2022-06-19,27291.86,1041.64,49.14,1.0,0.0,3006.0,113.0
2022-06-20,27291.86,1041.64,49.14,1.01,0.0,3055.0,105.0
2022-06-21,27291.86,1041.64,49.14,1.01,0.0,3022.0,108.0
2022-06-22,27291.86,1041.64,49.14,1.02,0.0,3043.0,108.0
2022-06-23,27291.86,1041.64,49.14,1.03,0.0,2987.0,114.0
2022-06-24,27291.86,1041.64,49.14,1.04,0.0,3046.0,102.0
2022-06-25,27291.86,1041.64,49.14,1.05,0.0,3118.0,106.0
2022-06-26,29186.86,1113.96,46.29,1.06,0.0,3133.0,111.0
2022-06-27,29186.86,1113.96,46.29,1.07,0.0,3276.0,122.0
2022-06-28,29186.86,1113.96,46.29,1.08,0.0,3224.0,108.0
2022-06-29,29186.86,1113.96,46.29,1.1,0.0,3267.0,98.0
2022-06-30,29186.86,1113.96,46.29,1.11,0.0,3273.0,106.0
2022-07-01,29186.86,1113.96,46.29,1.11,0.0,3329.0,109.0
2022-07-02,29186.86,1113.96,46.29,1.12,0.0,3415.0,106.0
2022-07-03,0.0,0.0,49.14,1.12,0.0,3511.0,118.0
2022-07-04,0.0,0.0,49.14,1.13,0.0,3740.0,123.0
2022-07-05,0.0,0.0,49.14,1.13,0.0,3781.0,138.0
2022-07-06,0.0,0.0,49.14,1.12,0.0,3899.0,140.0
2022-07-07,0.0,0.0,49.14,1.12,0.0,3977.0,141.0
2022-07-08,0.0,0.0,49.14,1.11,0.0,4024.0,134.0
2022-07-09,0.0,0.0,49.14,1.11,0.0,4112.0,133.0
2022-07-10,34813.86,1328.72,57.14,1.11,0.0,4327.0,131.0
2022-07-11,34813.86,1328.72,57.14,1.12,0.0,4468.0,126.0
2022-07-12,34813.86,1328.72,57.14,1.11,0.0,4477.0,137.0
2022-07-13,34813.86,1328.72,57.14,1.11,0.0,4512.0,139.0
2022-07-14,34813.86,1328.72,57.14,1.11,0.0,4602.0,144.0
2022-07-15,34813.86,1328.72,57.14,1.11,0.0,4740.0,151.0
2022-07-16,34813.86,1328.72,57.14,1.12,0.0,4719.0,155.0
2022-07-17,38800.71,1480.89,64.43,1.12,0.0,5001.0,155.0
2022-07-18,38800.71,1480.89,64.43,1.12,0.0,5239.0,158.0
2022-07-19,38800.71,1480.89,64.43,1.1,0.0,5357.0,169.0
2022-07-20,38800.71,1480.89,64.43,1.09,0.0,5360.0,162.0
2022-07-21,38800.71,1480.89,64.43,1.08,0.0,5307.0,159.0
2022-07-22,38800.71,1480.89,64.43,1.06,0.0,5251.0,158.0
2022-07-23,38800.71,1480.89,64.43,1.04,0.0,5362.0,145.0
2022-07-24,43289.86,1652.22,86.71,1.03,0.0,5439.0,160.0
2022-07-25,43289.86,1652.22,86.71,1.01,0.0,5571.0,165.0
2022-07-26,43289.86,1652.22,86.71,0.99,0.0,5364.0,145.0
2022-07-27,43289.86,1652.22,86.71,0.97,0.0,5232.0,163.0
2022-07-28,43289.86,1652.22,86.71,0.95,0.0,5104.0,161.0
2022-07-29,43289.86,1652.22,86.71,0.94,0.0,5032.0,166.0
2022-07-30,43289.86,1652.22,86.71,0.92,0.0,4925.0,169.0
2022-07-31,45682.71,1743.55,88.29,0.9,0.0,4992.0,179.0
2022-08-01,45682.71,1743.55,88.29,0.87,0.0,5002.0,184.0
2022-08-02,45682.71,1743.55,88.29,0.85,0.0,4851.0,162.0
2022-08-03,45682.71,1743.55,88.29,0.82,0.0,4702.0,161.0
2022-08-04,45682.71,1743.55,88.29,0.8,0.0,4613.0,154.0
2022-08-05,45682.71,1743.55,88.29,0.78,0.0,4478.0,151.0
2022-08-06,45682.71,1743.55,88.29,0.78,0.0,4431.0,161.0
2022-08-07,37047.71,1413.98,86.14,0.77,0.0,4484.0,154.0
2022-08-08,37047.71,1413.98,86.14,0.76,0.0,4611.0,141.0
2022-08-09,37047.71,1413.98,86.14,0.74,0.0,4415.0,125.0
2022-08-10,37047.71,1413.98,86.14,0.72,0.0,4274.0,135.0
2022-08-11,37047.71,1413.98,86.14,0.72,0.0,4098.0,140.0
2022-08-12,37047.71,1413.98,86.14,0.72,0.0,3974.0,138.0
2022-08-13,37047.71,1413.98,86.14,0.73,0.0,3991.0,139.0
2022-08-14,28628.14,1092.64,75.14,0.74,0.0,4013.0,131.0
2022-08-15,28628.14,1092.64,75.14,0.73,0.0,3982.0,133.0
2022-08-16,28628.14,1092.64,75.14,0.72,0.0,3807.0,116.0
2022-08-17,28628.14,1092.64,75.14,0.7,0.0,3726.0,122.0
2022-08-18,28628.14,1092.64,75.14,0.69,0.0,3619.0,119.0
2022-08-19,28628.14,1092.64,75.14,0.69,0.0,3477.0,126.0
2022-08-20,28628.14,1092.64,75.14,0.71,0.0,3433.0,112.0
2022-08-21,19882.57,758.85,53.57,0.72,0.0,3429.0,104.0
2022-08-22,19882.57,758.85,53.57,0.72,0.0,3457.0,102.0
2022-08-23,19882.57,758.85,53.57,0.71,0.0,3324.0,96.0
2022-08-24,19882.57,758.85,53.57,0.7,0.0,3237.0,95.0
2022-08-25,19882.57,758.85,53.57,0.7,0.0,3054.0,91.0
2022-08-26,19882.57,758.85,53.57,0.73,0.0,3015.0,89.0
2022-08-27,19882.57,758.85,53.57,0.76,0.0,3010.0,95.0
2022-08-28,14740.57,562.6,47.0,0.78,0.0,3036.0,95.0
2022-08-29,14740.57,562.6,47.0,0.78,0.0,3004.0,86.0
2022-08-30,14740.57,562.6,47.0,0.76,0.0,2933.0,84.0
2022-08-31,14740.57,562.6,47.0,0.72,0.0,2860.0,74.0
2022-09-01,14740.57,562.6,47.0,0.69,0.0,2762.0,74.0
2022-09-02,14740.57,562.6,47.0,0.72,0.0,2718.0,79.0
2022-09-03,14740.57,562.6,47.0,0.76,0.0,2701.0,83.0
2022-09-04,11426.43,436.11,34.29,0.78,0.0,2694.0,84.0
2022-09-05,11426.43,436.11,34.29,0.79,0.0,2599.0,77.0
2022-09-06,11426.43,436.11,34.29,0.76,0.0,2460.0,80.0
2022-09-07,11426.43,436.11,34.29,0.69,0.0,2388.0,64.0
2022-09-08,11426.43,436.11,34.29,0.61,0.0,2330.0,60.0
2022-09-09,11426.43,436.11,34.29,0.66,0.0,2330.0,60.0
2022-09-10,11426.43,436.11,34.29,0.73,0.0,2330.0,60.0
2022-09-11,9056.0,345.64,30.57,0.8,0.0,2330.0,60.0
2022-09-12,9056.0,345.64,30.57,0.84,0.0,2330.0,60.0
2022-09-13,9056.0,345.64,30.57,0.9,0.0,2330.0,60.0
2022-09-14,9056.0,345.64,30.57,0.97,0.0,2330.0,60.0
2022-09-15,9056.0,345.64,30.57,1.05,0.0,2001.0,56.0
2022-09-16,9056.0,345.64,30.57,1.08,0.0,1946.0,56.0
2022-09-17,9056.0,345.64,30.57,1.08,0.0,1947.0,56.0
2022-09-18,7324.71,279.56,26.29,1.09,0.0,1947.0,56.0
2022-09-19,7324.71,279.56,26.29,1.12,0.0,1947.0,56.0
2022-09-20,7324.71,279.56,26.29,1.18,0.0,1947.0,56.0
2022-09-21,7324.71,279.56,26.29,1.26,0.0,1947.0,56.0
2022-09-22,7324.71,279.56,26.29,1.33,0.0,1781.0,48.0
2022-09-23,7324.71,279.56,26.29,1.27,0.0,1781.0,48.0
2022-09-24,7324.71,279.56,26.29,1.22,0.0,1781.0,48.0
2022-09-25,6200.14,236.64,21.0,1.19,0.0,1781.0,48.0
2022-09-26,6200.14,236.64,21.0,1.18,0.0,1781.0,48.0
2022-09-27,6200.14,236.64,21.0,1.17,0.0,1781.0,48.0
2022-09-28,6200.14,236.64,21.0,1.18,0.0,1781.0,48.0
2022-09-29,6200.14,236.64,21.0,1.19,0.0,1563.0,43.0
2022-09-30,6200.14,236.64,21.0,1.18,0.0,1563.0,43.0
2022-10-01,6200.14,236.64,21.0,1.17,0.0,1563.0,43.0
2022-10-02,5368.29,204.89,16.14,1.16,0.0,1563.0,43.0
2022-10-03,5368.29,204.89,16.14,1.18,0.0,1563.0,43.0
2022-10-04,5368.29,204.89,16.14,1.2,0.0,1563.0,43.0
2022-10-05,5368.29,204.89,16.14,1.22,0.0,1563.0,43.0
2022-10-06,5368.29,204.89,16.14,1.24,0.0,1465.0,44.0
2022-10-07,5368.29,204.89,16.14,1.22,0.0,1465.0,44.0
2022-10-08,5368.29,204.89,16.14,1.21,0.0,1465.0,44.0
2022-10-09,5524.86,210.86,14.57,1.21,0.0,1465.0,44.0
2022-10-10,5524.86,210.86,14.57,1.21,0.0,1465.0,44.0
2022-10-11,5524.86,210.86,14.57,1.23,0.0,1465.0,44.0
2022-10-12,5524.86,210.86,14.57,1.24,0.0,1465.0,44.0
2022-10-13,5524.86,210.86,14.57,1.26,0.0,1425.0,34.0
2022-10-14,5524.86,210.86,14.57,1.24,0.0,1425.0,34.0
2022-10-15,5524.86,210.86,14.57,1.23,0.0,1425.0,34.0
2022-10-16,4475.29,170.81,10.57,1.24,0.0,1425.0,34.0
2022-10-17,4475.29,170.81,10.57,1.25,0.0,1425.0,34.0
2022-10-18,4475.29,170.81,10.57,1.27,0.0,1425.0,34.0
2022-10-19,4475.29,170.81,10.57,1.31,0.0,1425.0,34.0
2022-10-20,4475.29,170.81,10.57,1.34,0.0,1433.0,42.0
2022-10-21,4475.29,170.81,10.57,1.28,0.0,1433.0,42.0
2022-10-22,4475.29,170.81,10.57,1.26,0.0,1433.0,42.0
2022-10-23,4231.43,161.5,14.71,1.24,0.0,1433.0,42.0
2022-10-24,4231.43,161.5,14.71,1.23,0.0,1433.0,42.0
2022-10-25,4231.43,161.5,14.71,1.21,0.0,1433.0,42.0
2022-10-26,4231.43,161.5,14.71,1.19,0.0,1433.0,42.0
2022-10-27,4231.43,161.5,14.71,1.18,0.0,1348.0,48.0
2022-10-28,4231.43,161.5,14.71,1.25,0.0,1348.0,48.0
2022-10-29,4231.43,161.5,14.71,1.28,0.0,1348.0,48.0
2022-10-30,4337.57,165.55,12.14,1.29,0.0,1348.0,48.0
2022-10-31,4337.57,165.55,12.14,1.3,0.0,1348.0,48.0
2022-11-01,4337.57,165.55,12.14,1.31,0.0,1348.0,48.0
2022-11-02,4337.57,165.55,12.14,1.32,0.0,1348.0,48.0
2022-11-03,4337.57,165.55,12.14,1.35,0.0,1395.0,37.0
2022-11-04,4337.57,165.55,12.14,1.42,0.0,1395.0,37.0
2022-11-05,4337.57,165.55,12.14,1.44,0.0,1395.0,37.0
2022-11-06,5109.0,194.99,15.86,1.45,0.0,1395.0,37.0
2022-11-07,5109.0,194.99,15.86,1.46,0.0,1395.0,37.0
2022-11-08,5109.0,194.99,15.86,1.47,0.0,1395.0,37.0
2022-11-09,5109.0,194.99,15.86,1.48,0.0,1395.0,37.0
2022-11-10,5109.0,194.99,15.86,1.48,0.0,1796.0,66.0
2022-11-11,5109.0,194.99,15.86,1.54,0.0,1796.0,66.0
2022-11-12,5109.0,194.99,15.86,1.58,0.0,1796.0,66.0
2022-11-13,7472.86,285.21,16.57,1.59,0.0,1796.0,66.0
2022-11-14,7472.86,285.21,16.57,1.6,0.0,1796.0,66.0
2022-11-15,7472.86,285.21,16.57,1.61,0.0,1796.0,66.0
2022-11-16,7472.86,285.21,16.57,1.64,0.0,1796.0,66.0
2022-11-17,7472.86,285.21,16.57,1.66,0.0,2129.0,61.0
2022-11-18,7472.86,285.21,16.57,1.58,0.0,2129.0,61.0
2022-11-19,7472.86,285.21,16.57,1.54,0.0,2129.0,61.0
2022-11-20,10510.43,401.15,22.0,1.52,0.0,2129.0,61.0
2022-11-21,10510.43,401.15,22.0,1.51,0.0,2129.0,61.0
2022-11-22,10510.43,401.15,22.0,1.51,0.0,2129.0,61.0
2022-11-23,10510.43,401.15,22.0,1.51,0.0,2129.0,61.0
2022-11-24,10510.43,401.15,22.0,1.5,0.0,2513.0,81.0
2022-11-25,10510.43,401.15,22.0,1.52,0.0,2513.0,81.0
2022-11-26,10510.43,401.15,22.0,1.52,0.0,2513.0,81.0
2022-11-27,11915.29,454.76,25.43,1.52,0.0,2513.0,81.0
2022-11-28,11915.29,454.76,25.43,1.53,0.0,2513.0,81.0
2022-11-29,11915.29,454.76,25.43,1.55,0.0,2513.0,81.0
2022-11-30,11915.29,454.76,25.43,1.6,0.0,2513.0,81.0
2022-12-01,11915.29,454.76,25.43,1.63,0.0,2794.0,81.0
2022-12-02,11915.29,454.76,25.43,1.57,0.0,2794.0,81.0
2022-12-03,11915.29,454.76,25.43,1.52,0.0,2794.0,81.0
2022-12-04,13985.29,533.77,37.0,1.49,0.0,2794.0,81.0
2022-12-05,13985.29,533.77,37.0,1.47,0.0,2794.0,81.0
2022-12-06,13985.29,533.77,37.0,1.46,0.0,2794.0,81.0
2022-12-07,13985.29,533.77,37.0,1.46,0.0,2794.0,81.0
2022-12-08,13985.29,533.77,37.0,1.44,0.0,3076.0,94.0
2022-12-09,13985.29,533.77,37.0,1.41,0.0,3076.0,94.0
2022-12-10,13985.29,533.77,37.0,1.38,0.0,3076.0,94.0
2022-12-11,15414.57,588.32,38.86,1.36,0.0,3076.0,94.0
2022-12-12,15414.57,588.32,38.86,1.35,0.0,3076.0,94.0
2022-12-13,15414.57,588.32,38.86,1.34,0.0,3076.0,94.0
2022-12-14,15414.57,588.32,38.86,1.34,0.0,3076.0,94.0
2022-12-15,15414.57,588.32,38.86,1.33,0.0,3425.0,95.0
2022-12-16,15414.57,588.32,38.86,1.33,0.0,3425.0,95.0
2022-12-17,15414.57,588.32,38.86,1.3,0.0,3425.0,95.0
2022-12-18,16002.29,610.75,42.71,1.28,0.0,3425.0,95.0
2022-12-19,16002.29,610.75,42.71,1.26,0.0,3425.0,95.0
2022-12-20,16002.29,610.75,42.71,1.24,0.0,3425.0,95.0
2022-12-21,16002.29,610.75,42.71,1.22,0.0,3425.0,95.0
2022-12-22,16002.29,610.75,42.71,1.2,0.0,3459.0,100.0
2022-12-23,16002.29,610.75,42.71,1.14,0.0,3459.0,100.0
2022-12-24,16002.29,610.75,42.71,1.09,0.0,3459.0,100.0
2022-12-25,15474.57,590.61,47.71,1.04,0.0,3459.0,100.0
2022-12-26,15474.57,590.61,47.71,0.98,0.0,3459.0,100.0
2022-12-27,15474.57,590.61,47.71,0.92,0.0,3459.0,100.0
2022-12-28,15474.57,590.61,47.71,0.83,0.0,3459.0,100.0
2022-12-29,15474.57,590.61,47.71,0.76,0.0,3665.0,121.0
2022-12-30,15474.57,590.61,47.71,0.8,0.0,3665.0,121.0
2022-12-31,15474.57,590.61,47.71,0.84,0.0,3665.0,121.0
2023-01-01,13074.0,498.99,156.29,0.86,0.0,3665.0,121.0
2023-01-02,13074.0,498.99,156.29,0.87,0.0,3665.0,121.0
2023-01-03,13074.0,498.99,156.29,0.87,0.0,3665.0,121.0
2023-01-04,13074.0,498.99,156.29,0.87,0.0,3665.0,121.0
2023-01-05,13074.0,498.99,156.29,0.87,0.0,3493.0,121.0
2023-01-06,13074.0,498.99,156.29,0.87,0.0,3493.0,121.0
2023-01-07,13074.0,498.99,156.29,0.87,0.0,3493.0,121.0
2023-01-08,12427.0,474.3,0.0,0.87,0.0,3493.0,121.0
2023-01-09,12427.0,474.3,0.0,0.87,0.0,3493.0,121.0
2023-01-10,12427.0,474.3,0.0,0.87,0.0,3493.0,121.0
2023-01-11,12427.0,474.3,0.0,0.87,0.0,3493.0,121.0
2023-01-12,12427.0,474.3,0.0,0.87,0.0,2843.0,92.0
2023-01-13,12427.0,474.3,0.0,0.87,0.0,2843.0,92.0
2023-01-14,12427.0,474.3,0.0,0.87,0.0,2843.0,92.0
2023-01-15,6571.86,250.82,0.0,0.87,0.0,2843.0,92.0
2023-01-16,6571.86,250.82,0.0,0.87,0.0,2843.0,92.0
2023-01-17,6571.86,250.82,0.0,0.87,0.0,2843.0,92.0
2023-01-18,6571.86,250.82,0.0,0.87,0.0,2843.0,92.0
2023-01-19,6571.86,250.82,0.0,0.87,0.0,2300.0,61.0
2023-01-20,6571.86,250.82,0.0,0.87,0.0,2300.0,61.0
2023-01-21,6571.86,250.82,0.0,0.87,0.0,2300.0,61.0
2023-01-22,4415.57,168.53,0.0,0.87,0.0,2300.0,61.0
2023-01-23,4415.57,168.53,0.0,0.87,0.0,2300.0,61.0
2023-01-24,4415.57,168.53,0.0,0.87,0.0,2300.0,61.0
2023-01-25,4415.57,168.53,0.0,0.87,0.0,2300.0,61.0
2023-01-26,4415.57,168.53,0.0,0.87,0.0,1954.0,48.0
2023-01-27,4415.57,168.53,0.0,0.87,0.0,1954.0,48.0
2023-01-28,4415.57,168.53,0.0,0.87,0.0,1954.0,48.0
2023-01-29,3148.71,120.18,0.0,0.87,0.0,1954.0,48.0
2023-01-30,3148.71,120.18,0.0,0.87,0.0,1954.0,48.0
2023-01-31,3148.71,120.18,0.0,0.87,0.0,1954.0,48.0
2023-02-01,3148.71,120.18,0.0,0.87,0.0,1954.0,48.0
2023-02-02,3148.71,120.18,0.0,0.87,0.0,1663.0,52.0
2023-02-03,3148.71,120.18,0.0,0.87,0.0,1663.0,52.0
2023-02-04,3148.71,120.18,0.0,0.87,0.0,1663.0,52.0
2023-02-05,2703.14,103.17,165.86,0.87,0.0,1663.0,52.0
2023-02-06,2703.14,103.17,165.86,0.87,0.0,1663.0,52.0
2023-02-07,2703.14,103.17,165.86,0.87,0.0,1663.0,52.0
2023-02-08,2703.14,103.17,165.86,0.87,0.0,1663.0,52.0
2023-02-09,2703.14,103.17,165.86,0.87,0.0,1434.0,44.0
2023-02-10,2703.14,103.17,165.86,0.87,0.0,1434.0,44.0
2023-02-11,2703.14,103.17,165.86,0.87,0.0,1434.0,44.0
2023-02-12,2438.14,93.06,13.71,0.87,0.0,1434.0,44.0
2023-02-13,2438.14,93.06,13.71,0.87,0.0,1434.0,44.0
2023-02-14,2438.14,93.06,13.71,0.87,0.0,1434.0,44.0
2023-02-15,2438.14,93.06,13.71,0.87,0.0,1434.0,44.0
2023-02-16,2438.14,93.06,13.71,0.87,0.0,1329.0,45.0
2023-02-17,2438.14,93.06,13.71,0.87,0.0,1329.0,45.0
2023-02-18,2438.14,93.06,13.71,0.87,0.0,1329.0,45.0
2023-02-19,2561.0,97.74,12.71,0.87,0.0,1329.0,45.0
2023-02-20,2561.0,97.74,12.71,0.87,0.0,1329.0,45.0
2023-02-21,2561.0,97.74,12.71,0.87,0.0,1329.0,45.0
2023-02-22,2561.0,97.74,12.71,0.87,0.0,1329.0,45.0
2023-02-23,2561.0,97.74,12.71,0.87,0.0,1315.0,35.0
2023-02-24,2561.0,97.74,12.71,0.87,0.0,1315.0,35.0
2023-02-25,2561.0,97.74,12.71,0.87,0.0,1315.0,35.0
2023-02-26,2544.86,97.13,12.86,0.87,0.0,1315.0,35.0
2023-02-27,2544.86,97.13,12.86,0.87,0.0,1315.0,35.0
2023-02-28,2544.86,97.13,12.86,0.87,0.0,1315.0,35.0
2023-03-01,2544.86,97.13,12.86,0.87,0.0,1315.0,35.0
2023-03-02,2544.86,97.13,12.86,0.87,0.0,1338.0,32.0
2023-03-03,2544.86,97.13,12.86,0.87,0.0,1338.0,32.0
2023-03-04,2544.86,97.13,12.86,0.87,0.0,1338.0,32.0
2023-03-05,2608.86,99.57,11.14,0.87,0.0,1338.0,32.0
2023-03-06,2608.86,99.57,11.14,0.87,0.0,1338.0,32.0
2023-03-07,2608.86,99.57,11.14,0.87,0.0,1338.0,32.0
2023-03-08,2608.86,99.57,11.14,0.87,0.0,1338.0,32.0
2023-03-09,2608.86,99.57,11.14,0.87,0.0,1311.0,33.0
2023-03-10,2608.86,99.57,11.14,0.87,0.0,1311.0,33.0
2023-03-11,2608.86,99.57,11.14,0.87,0.0,1311.0,33.0
2023-03-12,2825.71,107.85,11.14,0.87,0.0,1311.0,33.0
2023-03-13,2825.71,107.85,11.14,0.87,0.0,1311.0,33.0
2023-03-14,2825.71,107.85,11.14,0.87,0.0,1311.0,33.0
2023-03-15,2825.71,107.85,11.14,0.87,0.0,1311.0,33.0
2023-03-16,2825.71,107.85,11.14,0.87,0.0,1359.0,25.0
2023-03-17,2825.71,107.85,11.14,0.87,0.0,1359.0,25.0
2023-03-18,2825.71,107.85,11.14,0.87,0.0,1359.0,25.0
2023-03-19,3097.29,118.21,12.57,0.87,0.0,1359.0,25.0
2023-03-20,3097.29,118.21,12.57,0.87,0.0,1359.0,25.0
2023-03-21,3097.29,118.21,12.57,0.87,0.0,1359.0,25.0
2023-03-22,3097.29,118.21,12.57,0.87,0.0,1359.0,25.0
2023-03-23,3097.29,118.21,12.57,0.87,0.0,1440.0,35.0
2023-03-24,3097.29,118.21,12.57,0.87,0.0,1440.0,35.0
2023-03-25,3097.29,118.21,12.57,0.87,0.0,1440.0,35.0
2023-03-26,3287.71,125.48,13.29,0.87,0.0,1440.0,35.0
2023-03-27,3287.71,125.48,13.29,0.87,0.0,1440.0,35.0
2023-03-28,3287.71,125.48,13.29,0.87,0.0,1440.0,35.0
2023-03-29,3287.71,125.48,13.29,0.87,0.0,1440.0,35.0
2023-03-30,3287.71,125.48,13.29,0.87,0.0,1567.0,34.0
2023-03-31,3287.71,125.48,13.29,0.87,0.0,1567.0,34.0
2023-04-01,3287.71,125.48,13.29,0.87,0.0,1567.0,34.0
2023-04-02,3645.86,139.15,14.71,0.87,0.0,1567.0,34.0
2023-04-03,3645.86,139.15,14.71,0.87,0.0,1567.0,34.0
2023-04-04,3645.86,139.15,14.71,0.87,0.0,1567.0,34.0
2023-04-05,3645.86,139.15,14.71,0.87,0.0,1567.0,34.0
2023-04-06,3645.86,139.15,14.71,0.87,0.0,1709.0,47.0
2023-04-07,3645.86,139.15,14.71,0.87,0.0,1709.0,47.0
2023-04-08,3645.86,139.15,14.71,0.87,0.0,1709.0,47.0
2023-04-09,3950.0,150.76,17.57,0.87,0.0,1709.0,47.0
2023-04-10,3950.0,150.76,17.57,0.87,0.0,1709.0,47.0
2023-04-11,3950.0,150.76,17.57,0.87,0.0,1709.0,47.0
2023-04-12,3950.0,150.76,17.57,0.87,0.0,1709.0,47.0
2023-04-13,3950.0,150.76,17.57,0.87,0.0,1943.0,42.0
2023-04-14,3950.0,150.76,17.57,0.87,0.0,1943.0,42.0
2023-04-15,3950.0,150.76,17.57,0.87,0.0,1943.0,42.0
2023-04-16,3865.0,147.51,18.71,0.87,0.0,1943.0,42.0
2023-04-17,3865.0,147.51,18.71,0.87,0.0,1943.0,42.0
2023-04-18,3865.0,147.51,18.71,0.87,0.0,1943.0,42.0
2023-04-19,3865.0,147.51,18.71,0.87,0.0,1943.0,42.0
2023-04-20,3865.0,147.51,18.71,0.87,0.0,2043.0,55.0
2023-04-21,3865.0,147.51,18.71,0.87,0.0,2043.0,55.0
2023-04-22,3865.0,147.51,18.71,0.87,0.0,2043.0,55.0
2023-04-23,4280.86,163.38,20.86,0.87,0.0,2043.0,55.0
2023-04-24,4280.86,163.38,20.86,0.87,0.0,2043.0,55.0
2023-04-25,4280.86,163.38,20.86,0.87,0.0,2043.0,55.0
2023-04-26,4280.86,163.38,20.86,0.87,0.0,2043.0,55.0
2023-04-27,4280.86,163.38,20.86,0.87,0.0,2321.0,72.0
2023-04-28,4280.86,163.38,20.86,0.87,0.0,2321.0,72.0
2023-04-29,4280.86,163.38,20.86,0.87,0.0,2321.0,72.0
2023-04-30,4204.43,160.47,22.14,0.87,0.0,2321.0,72.0
2023-05-01,4204.43,160.47,22.14,0.87,0.0,2321.0,72.0
2023-05-02,4204.43,160.47,22.14,0.87,0.0,2321.0,72.0
2023-05-03,4204.43,160.47,22.14,0.87,0.0,2321.0,72.0
2023-05-04,4204.43,160.47,22.14,0.87,0.0,2350.0,63.0
2023-05-05,4204.43,160.47,22.14,0.87,0.0,2350.0,63.0
2023-05-06,4204.43,160.47,22.14,0.87,0.0,2350.0,63.0
2023-05-07,4237.57,161.73,24.71,0.87,0.0,2350.0,63.0
2023-05-08,4237.57,161.73,24.71,0.87,0.0,2350.0,63.0
2023-05-09,4237.57,161.73,24.71,0.87,0.0,2350.0,63.0
2023-05-10,4237.57,161.73,24.71,0.87,0.0,2350.0,63.0
2023-05-11,4237.57,161.73,24.71,0.87,0.0,2272.0,60.0
2023-05-12,4237.57,161.73,24.71,0.87,0.0,2272.0,60.0
2023-05-13,4237.57,161.73,24.71,0.87,0.0,2272.0,60.0
2023-05-14,4551.29,173.71,24.71,0.87,0.0,2272.0,60.0
2023-05-15,4551.29,173.71,24.71,0.87,0.0,2272.0,60.0
2023-05-16,4551.29,173.71,24.71,0.87,0.0,2272.0,60.0
2023-05-17,4551.29,173.71,24.71,0.87,0.0,2272.0,60.0
2023-05-18,4551.29,173.71,24.71,0.87,0.0,2345.0,58.0
2023-05-19,4551.29,173.71,24.71,0.87,0.0,2345.0,58.0
2023-05-20,4551.29,173.71,24.71,0.87,0.0,2345.0,58.0
2023-05-21,5388.57,205.66,24.29,0.87,0.0,2345.0,58.0
2023-05-22,5388.57,205.66,24.29,0.87,0.0,2345.0,58.0
2023-05-23,5388.57,205.66,24.29,0.87,0.0,2345.0,58.0
2023-05-24,5388.57,205.66,24.29,0.87,0.0,2345.0,58.0
2023-05-25,5388.57,205.66,24.29,0.87,0.0,2535.0,72.0
2023-05-26,5388.57,205.66,24.29,0.87,0.0,2535.0,72.0
2023-05-27,5388.57,205.66,24.29,0.87,0.0,2535.0,72.0
2023-05-28,5858.86,223.61,30.43,0.87,0.0,2535.0,72.0
2023-05-29,5858.86,223.61,30.43,0.87,0.0,2535.0,72.0
2023-05-30,5858.86,223.61,30.43,0.87,0.0,2535.0,72.0
2023-05-31,5858.86,223.61,30.43,0.87,0.0,2535.0,72.0
2023-06-01,5858.86,223.61,30.43,0.87,0.0,2767.0,64.0
2023-06-02,5858.86,223.61,30.43,0.87,0.0,2767.0,64.0
2023-06-03,5858.86,223.61,30.43,0.87,0.0,2767.0,64.0
2023-06-04,5578.71,212.92,33.14,0.87,0.0,2767.0,64.0
2023-06-05,5578.71,212.92,33.14,0.87,0.0,2767.0,64.0
2023-06-06,5578.71,212.92,33.14,0.87,0.0,2767.0,64.0
2023-06-07,5578.71,212.92,33.14,0.87,0.0,2767.0,64.0
2023-06-08,5578.71,212.92,33.14,0.87,0.0,2743.0,84.0
2023-06-09,5578.71,212.92,33.14,0.87,0.0,2743.0,84.0
2023-06-10,5578.71,212.92,33.14,0.87,0.0,2743.0,84.0
2023-06-11,4732.14,180.61,32.29,0.87,0.0,2743.0,84.0
2023-06-12,4732.14,180.61,32.29,0.87,0.0,2743.0,84.0
2023-06-13,4732.14,180.61,32.29,0.87,0.0,2743.0,84.0
2023-06-14,4732.14,180.61,32.29,0.87,0.0,2743.0,84.0
2023-06-15,4732.14,180.61,32.29,0.87,0.0,2419.0,70.0
2023-06-16,4732.14,180.61,32.29,0.87,0.0,2419.0,70.0
2023-06-17,4732.14,180.61,32.29,0.87,0.0,2419.0,70.0
2023-06-18,3252.71,124.14,26.14,0.87,0.0,2419.0,70.0
2023-06-19,3252.71,124.14,26.14,0.87,0.0,2419.0,70.0
2023-06-20,3252.71,124.14,26.14,0.87,0.0,2419.0,70.0
2023-06-21,3252.71,124.14,26.14,0.87,0.0,2419.0,70.0
2023-06-22,3252.71,124.14,26.14,0.87,0.0,2119.0,60.0
2023-06-23,3252.71,124.14,26.14,0.87,0.0,2119.0,60.0
2023-06-24,3252.71,124.14,26.14,0.87,0.0,2119.0,60.0
2023-06-25,2403.14,91.72,8.43,0.87,0.0,2119.0,60.0
2023-06-26,2403.14,91.72,8.43,0.87,0.0,2119.0,60.0
2023-06-27,2403.14,91.72,8.43,0.87,0.0,2119.0,60.0
2023-06-28,2403.14,91.72,8.43,0.87,0.0,2119.0,60.0
2023-06-29,2403.14,91.72,8.43,0.87,0.0,1914.0,40.0
2023-06-30,2403.14,91.72,8.43,0.87,0.0,1914.0,40.0
2023-07-01,2403.14,91.72,8.43,0.87,0.0,1914.0,40.0
2023-07-02,1935.86,73.89,0.0,0.87,0.0,1914.0,40.0
2023-07-03,1935.86,73.89,0.0,0.87,0.0,1914.0,40.0
2023-07-04,1935.86,73.89,0.0,0.87,0.0,1914.0,40.0
2023-07-05,1935.86,73.89,0.0,0.87,0.0,1914.0,40.0
2023-07-06,1935.86,73.89,0.0,0.87,0.0,1703.0,38.0
2023-07-07,1935.86,73.89,0.0,0.87,0.0,1703.0,38.0
2023-07-08,1935.86,73.89,0.0,0.87,0.0,1703.0,38.0
2023-07-09,1501.57,57.31,0.0,0.87,0.0,1703.0,38.0
2023-07-10,1501.57,57.31,0.0,0.87,0.0,1703.0,38.0
2023-07-11,1501.57,57.31,0.0,0.87,0.0,1703.0,38.0
2023-07-12,1501.57,57.31,0.0,0.87,0.0,1703.0,38.0
2023-07-13,1501.57,57.31,0.0,0.87,0.0,1462.0,46.0
2023-07-14,1501.57,57.31,0.0,0.87,0.0,1462.0,46.0
2023-07-15,1501.57,57.31,0.0,0.87,0.0,1462.0,46.0
2023-07-16,1118.0,42.67,0.0,0.87,0.0,1462.0,46.0
2023-07-17,1118.0,42.67,0.0,0.87,0.0,1462.0,46.0
2023-07-18,1118.0,42.67,0.0,0.87,0.0,1462.0,46.0
2023-07-19,1118.0,42.67,0.0,0.87,0.0,1462.0,46.0
2023-07-20,1118.0,42.67,0.0,0.87,0.0,1366.0,28.0
2023-07-21,1118.0,42.67,0.0,0.87,0.0,1366.0,28.0
2023-07-22,1118.0,42.67,0.0,0.87,0.0,1366.0,28.0
2023-07-23,927.86,35.41,0.0,0.87,0.0,1366.0,28.0
2023-07-24,927.86,35.41,0.0,0.87,0.0,1366.0,28.0
2023-07-25,927.86,35.41,0.0,0.87,0.0,1366.0,28.0
2023-07-26,927.86,35.41,0.0,0.87,0.0,1366.0,28.0
2023-07-27,927.86,35.41,0.0,0.87,0.0,1293.0,23.0
2023-07-28,927.86,35.41,0.0,0.87,0.0,1293.0,23.0
2023-07-29,927.86,35.41,0.0,0.87,0.0,1293.0,23.0
2023-07-30,789.29,30.12,12.14,0.87,0.0,1293.0,23.0
2023-07-31,789.29,30.12,12.14,0.87,0.0,1293.0,23.0
2023-08-01,789.29,30.12,12.14,0.87,0.0,1293.0,23.0
2023-08-02,789.29,30.12,12.14,0.87,0.0,1293.0,23.0
2023-08-03,789.29,30.12,12.14,0.87,0.0,1095.0,33.0
2023-08-04,789.29,30.12,12.14,0.87,0.0,1095.0,33.0
2023-08-05,789.29,30.12,12.14,0.87,0.0,1095.0,33.0
2023-08-06,772.86,29.5,8.57,0.87,0.0,1095.0,33.0
2023-08-07,772.86,29.5,8.57,0.87,0.0,1095.0,33.0
2023-08-08,772.86,29.5,8.57,0.87,0.0,1095.0,33.0
2023-08-09,772.86,29.5,8.57,0.87,0.0,1095.0,33.0
2023-08-10,772.86,29.5,8.57,0.87,0.0,995.0,26.0
2023-08-11,772.86,29.5,8.57,0.87,0.0,995.0,26.0
2023-08-12,772.86,29.5,8.57,0.87,0.0,995.0,26.0
2023-08-13,730.86,27.89,9.57,0.87,0.0,995.0,26.0
2023-08-14,730.86,27.89,9.57,0.87,0.0,995.0,26.0
2023-08-15,730.86,27.89,9.57,0.87,0.0,995.0,26.0
2023-08-16,730.86,27.89,9.57,0.87,0.0,995.0,26.0
2023-08-17,730.86,27.89,9.57,0.87,0.0,955.0,23.0
2023-08-18,730.86,27.89,9.57,0.87,0.0,955.0,23.0
2023-08-19,730.86,27.89,9.57,0.87,0.0,955.0,23.0
2023-08-20,742.0,28.32,8.0,0.87,0.0,955.0,23.0
2023-08-21,742.0,28.32,8.0,0.87,0.0,955.0,23.0
2023-08-22,742.0,28.32,8.0,0.87,0.0,955.0,23.0
2023-08-23,742.0,28.32,8.0,0.87,0.0,955.0,23.0
2023-08-24,742.0,28.32,8.0,0.87,0.0,924.0,21.0
2023-08-25,742.0,28.32,8.0,0.87,0.0,924.0,21.0
2023-08-26,742.0,28.32,8.0,0.87,0.0,924.0,21.0
2023-08-27,739.43,28.22,7.57,0.87,0.0,924.0,21.0
2023-08-28,739.43,28.22,7.57,0.87,0.0,924.0,21.0
2023-08-29,739.43,28.22,7.57,0.87,0.0,924.0,21.0
2023-08-30,739.43,28.22,7.57,0.87,0.0,924.0,21.0
2023-08-31,739.43,28.22,7.57,0.87,0.0,919.0,26.0
2023-09-01,739.43,28.22,7.57,0.87,0.0,919.0,26.0
2023-09-02,739.43,28.22,7.57,0.87,0.0,919.0,26.0
2023-09-03,784.43,29.94,5.57,0.87,0.0,919.0,26.0
2023-09-04,784.43,29.94,5.57,0.87,0.0,919.0,26.0
2023-09-05,784.43,29.94,5.57,0.87,0.0,919.0,26.0
2023-09-06,784.43,29.94,5.57,0.87,0.0,919.0,26.0
2023-09-07,784.43,29.94,5.57,0.87,0.0,921.0,23.0
2023-09-08,784.43,29.94,5.57,0.87,0.0,921.0,23.0
2023-09-09,784.43,29.94,5.57,0.87,0.0,921.0,23.0
2023-09-10,719.0,27.44,5.71,0.87,0.0,921.0,23.0
2023-09-11,719.0,27.44,5.71,0.87,0.0,921.0,23.0
2023-09-12,719.0,27.44,5.71,0.87,0.0,921.0,23.0
2023-09-13,719.0,27.44,5.71,0.87,0.0,921.0,23.0
2023-09-14,719.0,27.44,5.71,0.87,0.0,947.0,21.0
2023-09-15,719.0,27.44,5.71,0.87,0.0,947.0,21.0
2023-09-16,719.0,27.44,5.71,0.87,0.0,947.0,21.0
2023-09-17,716.71,27.35,5.43,0.87,0.0,947.0,21.0
2023-09-18,716.71,27.35,5.43,0.87,0.0,947.0,21.0
2023-09-19,716.71,27.35,5.43,0.87,0.0,947.0,21.0
2023-09-20,716.71,27.35,5.43,0.87,0.0,947.0,21.0
2023-09-21,716.71,27.35,5.43,0.87,0.0,966.0,20.0
2023-09-22,716.71,27.35,5.43,0.87,0.0,966.0,20.0
2023-09-23,716.71,27.35,5.43,0.87,0.0,966.0,20.0
2023-09-24,741.29,28.29,5.29,0.87,0.0,966.0,20.0
2023-09-25,741.29,28.29,5.29,0.87,0.0,966.0,20.0
2023-09-26,741.29,28.29,5.29,0.87,0.0,966.0,20.0
2023-09-27,741.29,28.29,5.29,0.87,0.0,966.0,20.0
2023-09-28,741.29,28.29,5.29,0.87,0.0,1012.0,20.0
2023-09-29,741.29,28.29,5.29,0.87,0.0,1012.0,20.0
2023-09-30,741.29,28.29,5.29,0.87,0.0,1012.0,20.0
2023-10-01,770.43,29.4,4.71,0.87,0.0,1012.0,20.0
2023-10-02,770.43,29.4,4.71,0.87,0.0,1012.0,20.0
2023-10-03,770.43,29.4,4.71,0.87,0.0,1012.0,20.0
2023-10-04,770.43,29.4,4.71,0.87,0.0,1012.0,20.0
2023-10-05,770.43,29.4,4.71,0.87,0.0,1027.0,22.0
2023-10-06,770.43,29.4,4.71,0.87,0.0,1027.0,22.0
2023-10-07,770.43,29.4,4.71,0.87,0.0,1027.0,22.0
2023-10-08,794.43,30.32,11.14,0.87,0.0,1027.0,22.0
2023-10-09,794.43,30.32,11.14,0.87,0.0,1027.0,22.0
2023-10-10,794.43,30.32,11.14,0.87,0.0,1027.0,22.0
2023-10-11,794.43,30.32,11.14,0.87,0.0,1027.0,22.0
2023-10-12,794.43,30.32,11.14,0.87,0.0,1022.0,25.0
2023-10-13,794.43,30.32,11.14,0.87,0.0,1022.0,25.0
2023-10-14,794.43,30.32,11.14,0.87,0.0,1022.0,25.0
2023-10-15,670.14,25.58,6.43,0.87,0.0,1022.0,25.0
2023-10-16,670.14,25.58,6.43,0.87,0.0,1022.0,25.0
2023-10-17,670.14,25.58,6.43,0.87,0.0,1022.0,25.0
2023-10-18,670.14,25.58,6.43,0.87,0.0,1022.0,25.0
2023-10-19,670.14,25.58,6.43,0.87,0.0,1081.0,26.0
2023-10-20,670.14,25.58,6.43,0.87,0.0,1081.0,26.0
2023-10-21,670.14,25.58,6.43,0.87,0.0,1081.0,26.0
2023-10-22,765.43,29.21,7.43,0.87,0.0,1081.0,26.0
2023-10-23,765.43,29.21,7.43,0.87,0.0,1081.0,26.0
2023-10-24,765.43,29.21,7.43,0.87,0.0,1081.0,26.0
2023-10-25,765.43,29.21,7.43,0.87,0.0,1081.0,26.0
2023-10-26,765.43,29.21,7.43,0.87,0.0,1275.0,32.0
2023-10-27,765.43,29.21,7.43,0.87,0.0,1275.0,32.0
2023-10-28,765.43,29.21,7.43,0.87,0.0,1275.0,32.0
2023-10-29,906.71,34.61,10.29,0.87,0.0,1275.0,32.0
2023-10-30,906.71,34.61,10.29,0.87,0.0,1275.0,32.0
2023-10-31,906.71,34.61,10.29,0.87,0.0,1275.0,32.0
2023-11-01,906.71,34.61,10.29,0.87,0.0,1275.0,32.0
2023-11-02,906.71,34.61,10.29,0.87,0.0,1327.0,37.0
2023-11-03,906.71,34.61,10.29,0.87,0.0,1327.0,37.0
2023-11-04,906.71,34.61,10.29,0.87,0.0,1327.0,37.0
2023-11-05,1098.14,41.91,7.29,0.87,0.0,1327.0,37.0
2023-11-06,1098.14,41.91,7.29,0.87,0.0,1327.0,37.0
2023-11-07,1098.14,41.91,7.29,0.87,0.0,1327.0,37.0
2023-11-08,1098.14,41.91,7.29,0.87,0.0,1327.0,37.0
2023-11-09,1098.14,41.91,7.29,0.87,0.0,1398.0,48.0
2023-11-10,1098.14,41.91,7.29,0.87,0.0,1398.0,48.0
2023-11-11,1098.14,41.91,7.29,0.87,0.0,1398.0,48.0
2023-11-12,1470.43,56.12,16.14,0.87,0.0,1398.0,48.0
2023-11-13,1470.43,56.12,16.14,0.87,0.0,1398.0,48.0
2023-11-14,1470.43,56.12,16.14,0.87,0.0,1398.0,48.0
2023-11-15,1470.43,56.12,16.14,0.87,0.0,1398.0,48.0
2023-11-16,1470.43,56.12,16.14,0.87,0.0,1612.0,59.0
2023-11-17,1470.43,56.12,16.14,0.87,0.0,1612.0,59.0
2023-11-18,1470.43,56.12,16.14,0.87,0.0,1612.0,59.0
2023-11-19,1542.71,58.88,13.0,0.87,0.0,1612.0,59.0
2023-11-20,1542.71,58.88,13.0,0.87,0.0,1612.0,59.0
2023-11-21,1542.71,58.88,13.0,0.87,0.0,1612.0,59.0
2023-11-22,1542.71,58.88,13.0,0.87,0.0,1612.0,59.0
2023-11-23,1542.71,58.88,13.0,0.87,0.0,1605.0,55.0
2023-11-24,1542.71,58.88,13.0,0.87,0.0,1605.0,55.0
2023-11-25,1542.71,58.88,13.0,0.87,0.0,1605.0,55.0
2023-11-26,1468.86,56.06,12.71,0.87,0.0,1605.0,55.0
2023-11-27,1468.86,56.06,12.71,0.87,0.0,1605.0,55.0
2023-11-28,1468.86,56.06,12.71,0.87,0.0,1605.0,55.0
2023-11-29,1468.86,56.06,12.71,0.87,0.0,1605.0,55.0
2023-11-30,1468.86,56.06,12.71,0.87,0.0,1583.0,57.0
2023-12-01,1468.86,56.06,12.71,0.87,0.0,1583.0,57.0
2023-12-02,1468.86,56.06,12.71,0.87,0.0,1583.0,57.0
2023-12-03,1374.29,52.45,21.71,0.87,0.0,1583.0,57.0
2023-12-04,1374.29,52.45,21.71,0.87,0.0,1583.0,57.0
2023-12-05,1374.29,52.45,21.71,0.87,0.0,1583.0,57.0
2023-12-06,1374.29,52.45,21.71,0.87,0.0,1583.0,57.0
2023-12-07,1374.29,52.45,21.71,0.87,0.0,1523.0,54.0
2023-12-08,1374.29,52.45,21.71,0.87,0.0,1523.0,54.0
2023-12-09,1374.29,52.45,21.71,0.87,0.0,1523.0,54.0
2023-12-10,1425.86,54.42,24.57,0.87,0.0,1523.0,54.0
2023-12-11,1425.86,54.42,24.57,0.87,0.0,1523.0,54.0
2023-12-12,1425.86,54.42,24.57,0.87,0.0,1523.0,54.0
2023-12-13,1425.86,54.42,24.57,0.87,0.0,1523.0,54.0
2023-12-14,1425.86,54.42,24.57,0.87,0.0,1523.0,54.0
2023-12-15,1425.86,54.42,24.57,0.87,0.0,1523.0,54.0
2023-12-16,1425.86,54.42,24.57,0.87,0.0,1523.0,54.0
2023-12-17,1499.57,57.23,13.14,0.87,0.0,1523.0,54.0
2023-12-18,1499.57,57.23,13.14,0.87,0.0,1523.0,54.0
2023-12-19,1499.57,57.23,13.14,0.87,0.0,1523.0,54.0
2023-12-20,1499.57,57.23,13.14,0.87,0.0,1523.0,54.0
2023-12-21,1499.57,57.23,13.14,0.87,0.0,1523.0,54.0
2023-12-22,1499.57,57.23,13.14,0.87,0.0,1523.0,54.0
2023-12-23,1499.57,57.23,13.14,0.87,0.0,1523.0,54.0
2023-12-24,1592.29,60.77,9.14,0.87,0.0,1523.0,54.0
2023-12-25,1592.29,60.77,9.14,0.87,0.0,1523.0,54.0
2023-12-26,1592.29,60.77,9.14,0.87,0.0,1523.0,54.0
2023-12-27,1592.29,60.77,9.14,0.87,0.0,1523.0,54.0
2023-12-28,1592.29,60.77,9.14,0.87,0.0,1523.0,54.0
2023-12-29,1592.29,60.77,9.14,0.87,0.0,1523.0,54.0
2023-12-30,1592.29,60.77,9.14,0.87,0.0,1523.0,54.0
2023-12-31,1533.43,58.53,10.14,0.87,0.0,1523.0,54.0
2024-01-01,1533.43,58.53,10.14,0.87,0.0,1523.0,54.0
2024-01-02,1533.43,58.53,10.14,0.87,0.0,1523.0,54.0
2024-01-03,1533.43,58.53,10.14,0.87,0.0,1523.0,54.0
2024-01-04,1533.43,58.53,10.14,0.87,0.0,1523.0,54.0
2024-01-05,1533.43,58.53,10.14,0.87,0.0,1523.0,54.0
2024-01-06,1533.43,58.53,10.14,0.87,0.0,1523.0,54.0
2024-01-07,1402.57,53.53,9.0,0.87,0.0,1523.0,54.0
2024-01-08,1402.57,53.53,9.0,0.87,0.0,1523.0,54.0
2024-01-09,1402.57,53.53,9.0,0.87,0.0,1523.0,54.0
2024-01-10,1402.57,53.53,9.0,0.87,0.0,1523.0,54.0
2024-01-11,1402.57,53.53,9.0,0.87,0.0,1523.0,54.0
2024-01-12,1402.57,53.53,9.0,0.87,0.0,1523.0,54.0
2024-01-13,1402.57,53.53,9.0,0.87,0.0,1523.0,54.0
2024-01-14,1579.14,60.27,8.57,0.87,0.0,1523.0,54.0
2024-01-15,1579.14,60.27,8.57,0.87,0.0,1523.0,54.0
2024-01-16,1579.14,60.27,8.57,0.87,0.0,1523.0,54.0
2024-01-17,1579.14,60.27,8.57,0.87,0.0,1523.0,54.0
2024-01-18,1579.14,60.27,8.57,0.87,0.0,1523.0,54.0
2024-01-19,1579.14,60.27,8.57,0.87,0.0,1523.0,54.0
2024-01-20,1579.14,60.27,8.57,0.87,0.0,1523.0,54.0
2024-01-21,1541.71,58.84,19.57,0.87,0.0,1523.0,54.0
2024-01-22,1541.71,58.84,19.57,0.87,0.0,1523.0,54.0
2024-01-23,1541.71,58.84,19.57,0.87,0.0,1523.0,54.0
2024-01-24,1541.71,58.84,19.57,0.87,0.0,1523.0,54.0
2024-01-25,1541.71,58.84,19.57,0.87,0.0,1523.0,54.0
2024-01-26,1541.71,58.84,19.57,0.87,0.0,1523.0,54.0
2024-01-27,1541.71,58.84,19.57,0.87,0.0,1523.0,54.0
2024-01-28,1291.86,49.31,7.57,0.87,0.0,1523.0,54.0
2024-01-29,1291.86,49.31,7.57,0.87,0.0,1523.0,54.0
2024-01-30,1291.86,49.31,7.57,0.87,0.0,1523.0,54.0
2024-01-31,1291.86,49.31,7.57,0.87,0.0,1523.0,54.0
2024-02-01,1291.86,49.31,7.57,0.87,0.0,1523.0,54.0
2024-02-02,1291.86,49.31,7.57,0.87,0.0,1523.0,54.0
2024-02-03,1291.86,49.31,7.57,0.87,0.0,1523.0,54.0
2024-02-04,1131.14,43.17,7.57,0.87,0.0,1523.0,54.0
2024-02-05,1131.14,43.17,7.57,0.87,0.0,1523.0,54.0
2024-02-06,1131.14,43.17,7.57,0.87,0.0,1523.0,54.0
2024-02-07,1131.14,43.17,7.57,0.87,0.0,1523.0,54.0
2024-02-08,1131.14,43.17,7.57,0.87,0.0,1523.0,54.0
2024-02-09,1131.14,43.17,7.57,0.87,0.0,1523.0,54.0
2024-02-10,1131.14,43.17,7.57,0.87,0.0,1523.0,54.0
2024-02-11,1157.14,44.16,10.71,0.87,0.0,1523.0,54.0
2024-02-12,1157.14,44.16,10.71,0.87,0.0,1523.0,54.0
2024-02-13,1157.14,44.16,10.71,0.87,0.0,1523.0,54.0
2024-02-14,1157.14,44.16,10.71,0.87,0.0,1523.0,54.0
2024-02-15,1157.14,44.16,10.71,0.87,0.0,1523.0,54.0
2024-02-16,1157.14,44.16,10.71,0.87,0.0,1523.0,54.0
2024-02-17,1157.14,44.16,10.71,0.87,0.0,1523.0,54.0
2024-02-18,1065.86,40.68,8.29,0.87,0.0,1523.0,54.0
2024-02-19,1065.86,40.68,8.29,0.87,0.0,1523.0,54.0
2024-02-20,1065.86,40.68,8.29,0.87,0.0,1523.0,54.0
2024-02-21,1065.86,40.68,8.29,0.87,0.0,1523.0,54.0
2024-02-22,1065.86,40.68,8.29,0.87,0.0,1523.0,54.0
2024-02-23,1065.86,40.68,8.29,0.87,0.0,1523.0,54.0
2024-02-24,1065.86,40.68,8.29,0.87,0.0,1523.0,54.0
2024-02-25,1056.86,40.34,5.71,0.87,0.0,1523.0,54.0
2024-02-26,1056.86,40.34,5.71,0.87,0.0,1523.0,54.0
2024-02-27,1056.86,40.34,5.71,0.87,0.0,1523.0,54.0
2024-02-28,1056.86,40.34,5.71,0.87,0.0,1523.0,54.0
2024-02-29,1056.86,40.34,5.71,0.87,0.0,1523.0,54.0
2024-03-01,1056.86,40.34,5.71,0.87,0.0,1523.0,54.0
2024-03-02,1056.86,40.34,5.71,0.87,0.0,1523.0,54.0
2024-03-03,1055.43,40.28,6.0,0.87,0.0,1523.0,54.0
2024-03-04,1055.43,40.28,6.0,0.87,0.0,1523.0,54.0
2024-03-05,1055.43,40.28,6.0,0.87,0.0,1523.0,54.0
2024-03-06,1055.43,40.28,6.0,0.87,0.0,1523.0,54.0
2024-03-07,1055.43,40.28,6.0,0.87,0.0,1523.0,54.0
2024-03-08,1055.43,40.28,6.0,0.87,0.0,1523.0,54.0
2024-03-09,1055.43,40.28,6.0,0.87,0.0,1523.0,54.0
2024-03-10,959.86,36.63,4.71,0.87,0.0,1523.0,54.0
2024-03-11,959.86,36.63,4.71,0.87,0.0,1523.0,54.0
2024-03-12,959.86,36.63,4.71,0.87,0.0,1523.0,54.0
2024-03-13,959.86,36.63,4.71,0.87,0.0,1523.0,54.0
2024-03-14,959.86,36.63,4.71,0.87,0.0,1523.0,54.0
2024-03-15,959.86,36.63,4.71,0.87,0.0,1523.0,54.0
2024-03-16,959.86,36.63,4.71,0.87,0.0,1523.0,54.0
2024-03-17,930.57,35.52,0.0,0.87,0.0,1523.0,54.0
2024-03-18,930.57,35.52,0.0,0.87,0.0,1523.0,54.0
2024-03-19,930.57,35.52,0.0,0.87,0.0,1523.0,54.0
2024-03-20,930.57,35.52,0.0,0.87,0.0,1523.0,54.0
2024-03-21,930.57,35.52,0.0,0.87,0.0,1523.0,54.0
2024-03-22,930.57,35.52,0.0,0.87,0.0,1523.0,54.0
2024-03-23,930.57,35.52,0.0,0.87,0.0,1523.0,54.0
2024-03-24,743.0,28.36,6.71,0.87,0.0,1523.0,54.0
2024-03-25,743.0,28.36,6.71,0.87,0.0,1523.0,54.0
2024-03-26,743.0,28.36,6.71,0.87,0.0,1523.0,54.0
2024-03-27,743.0,28.36,6.71,0.87,0.0,1523.0,54.0
2024-03-28,743.0,28.36,6.71,0.87,0.0,1523.0,54.0
2024-03-29,743.0,28.36,6.71,0.87,0.0,1523.0,54.0
2024-03-30,743.0,28.36,6.71,0.87,0.0,1523.0,54.0
2024-03-31,671.14,25.62,4.86,0.87,0.0,1523.0,54.0
2024-04-01,671.14,25.62,4.86,0.87,0.0,1523.0,54.0
2024-04-02,671.14,25.62,4.86,0.87,0.0,1523.0,54.0
2024-04-03,671.14,25.62,4.86,0.87,0.0,1523.0,54.0
2024-04-04,671.14,25.62,4.86,0.87,0.0,1523.0,54.0
2024-04-05,671.14,25.62,4.86,0.87,0.0,1523.0,54.0
2024-04-06,671.14,25.62,4.86,0.87,0.0,1523.0,54.0
2024-04-07,611.57,23.34,7.29,0.87,0.0,1523.0,54.0
2024-04-08,611.57,23.34,7.29,0.87,0.0,1523.0,54.0
2024-04-09,611.57,23.34,7.29,0.87,0.0,1523.0,54.0
2024-04-10,611.57,23.34,7.29,0.87,0.0,1523.0,54.0
2024-04-11,611.57,23.34,7.29,0.87,0.0,1523.0,54.0
2024-04-12,611.57,23.34,7.29,0.87,0.0,1523.0,54.0
2024-04-13,611.57,23.34,7.29,0.87,0.0,1523.0,54.0
2024-04-14,646.0,24.66,5.86,0.87,0.0,1523.0,54.0
2024-04-15,646.0,24.66,5.86,0.87,0.0,1523.0,54.0
2024-04-16,646.0,24.66,5.86,0.87,0.0,1523.0,54.0
2024-04-17,646.0,24.66,5.86,0.87,0.0,1523.0,54.0
2024-04-18,646.0,24.66,5.86,0.87,0.0,1523.0,54.0
2024-04-19,646.0,24.66,5.86,0.87,0.0,1523.0,54.0
2024-04-20,646.0,24.66,5.86,0.87,0.0,1523.0,54.0
2024-04-21,632.0,24.12,4.86,0.87,0.0,1523.0,54.0
2024-04-22,632.0,24.12,4.86,0.87,0.0,1523.0,54.0
2024-04-23,632.0,24.12,4.86,0.87,0.0,1523.0,54.0
2024-04-24,632.0,24.12,4.86,0.87,0.0,1523.0,54.0
2024-04-25,632.0,24.12,4.86,0.87,0.0,1523.0,54.0
2024-04-26,632.0,24.12,4.86,0.87,0.0,1523.0,54.0
2024-04-27,632.0,24.12,4.86,0.87,0.0,1523.0,54.0
2024-04-28,665.29,25.39,3.0,0.87,0.0,1523.0,54.0
2024-04-29,665.29,25.39,3.0,0.87,0.0,1523.0,54.0
2024-04-30,665.29,25.39,3.0,0.87,0.0,1523.0,54.0
2024-05-01,665.29,25.39,3.0,0.87,0.0,1523.0,54.0
2024-05-02,665.29,25.39,3.0,0.87,0.0,1523.0,54.0
2024-05-03,665.29,25.39,3.0,0.87,0.0,1523.0,54.0
2024-05-04,665.29,25.39,3.0,0.87,0.0,1523.0,54.0
2024-05-05,695.14,26.53,2.29,0.87,0.0,1523.0,54.0
2024-05-06,695.14,26.53,2.29,0.87,0.0,1523.0,54.0
2024-05-07,695.14,26.53,2.29,0.87,0.0,1523.0,54.0
2024-05-08,695.14,26.53,2.29,0.87,0.0,1523.0,54.0
2024-05-09,695.14,26.53,2.29,0.87,0.0,1523.0,54.0
2024-05-10,695.14,26.53,2.29,0.87,0.0,1523.0,54.0
2024-05-11,695.14,26.53,2.29,0.87,0.0,1523.0,54.0
2024-05-12,967.0,36.91,2.57,0.87,0.0,1523.0,54.0
2024-05-13,967.0,36.91,2.57,0.87,0.0,1523.0,54.0
2024-05-14,967.0,36.91,2.57,0.87,0.0,1523.0,54.0
2024-05-15,967.0,36.91,2.57,0.87,0.0,1523.0,54.0
2024-05-16,967.0,36.91,2.57,0.87,0.0,1523.0,54.0
2024-05-17,967.0,36.91,2.57,0.87,0.0,1523.0,54.0
2024-05-18,967.0,36.91,2.57,0.87,0.0,1523.0,54.0
2024-05-19,1143.29,43.64,2.29,0.87,0.0,1523.0,54.0
2024-05-20,1143.29,43.64,2.29,0.87,0.0,1523.0,54.0
2024-05-21,1143.29,43.64,2.29,0.87,0.0,1523.0,54.0
2024-05-22,1143.29,43.64,2.29,0.87,0.0,1523.0,54.0
2024-05-23,1143.29,43.64,2.29,0.87,0.0,1523.0,54.0
2024-05-24,1143.29,43.64,2.29,0.87,0.0,1523.0,54.0
2024-05-25,1143.29,43.64,2.29,0.87,0.0,1523.0,54.0
2024-05-26,0.0,0.0,0.0,0.87,0.0,1523.0,54.0
2024-05-27,0.0,0.0,0.0,0.87,0.0,1523.0,54.0
2024-05-28,0.0,0.0,0.0,0.87,0.0,1523.0,54.0
2024-05-29,0.0,0.0,0.0,0.87,0.0,1523.0,54.0
2024-05-30,0.0,0.0,0.0,0.87,0.0,1523.0,54.0
2024-05-31,0.0,0.0,0.0,0.87,0.0,1523.0,54.0
2024-06-01,0.0,0.0,0.0,0.87,0.0,1523.0,54.0
2024-06-02,0.0,0.0,0.0,0.87,0.0,1523.0,54.0
2024-06-03,0.0,0.0,0.0,0.87,0.0,1523.0,54.0
2024-06-04,0.0,0.0,0.0,0.87,0.0,1523.0,54.0
2024-06-05,0.0,0.0,0.0,0.87,0.0,1523.0,54.0
2024-06-06,0.0,0.0,0.0,0.87,0.0,1523.0,54.0
2024-06-07,0.0,0.0,0.0,0.87,0.0,1523.0,54.0
2024-06-08,0.0,0.0,0.0,0.87,0.0,1523.0,54.0
2024-06-09,0.0,0.0,0.0,0.87,0.0,1523.0,54.0
2024-06-10,0.0,0.0,0.0,0.87,0.0,1523.0,54.0
2024-06-11,0.0,0.0,0.0,0.87,0.0,1523.0,54.0
2024-06-12,0.0,0.0,0.0,0.87,0.0,1523.0,54.0
2024-06-13,0.0,0.0,0.0,0.87,0.0,1523.0,54.0
2024-06-14,0.0,0.0,0.0,0.87,0.0,1523.0,54.0
2024-06-15,0.0,0.0,0.0,0.87,0.0,1523.0,54.0
2024-06-16,0.0,0.0,0.0,0.87,0.0,1523.0,54.0
2024-06-17,0.0,0.0,0.0,0.87,0.0,1523.0,54.0
2024-06-18,0.0,0.0,0.0,0.87,0.0,1523.0,54.0
2024-06-19,0.0,0.0,0.0,0.87,0.0,1523.0,54.0
2024-06-20,0.0,0.0,0.0,0.87,0.0,1523.0,54.0
2024-06-21,0.0,0.0,0.0,0.87,0.0,1523.0,54.0
2024-06-22,0.0,0.0,0.0,0.87,0.0,1523.0,54.0
2024-06-23,0.0,0.0,0.0,0.87,0.0,1523.0,54.0
2024-06-24,0.0,0.0,0.0,0.87,0.0,1523.0,54.0
2024-06-25,0.0,0.0,0.0,0.87,0.0,1523.0,54.0
2024-06-26,0.0,0.0,0.0,0.87,0.0,1523.0,54.0
2024-06-27,0.0,0.0,0.0,0.87,0.0,1523.0,54.0
2024-06-28,0.0,0.0,0.0,0.87,0.0,1523.0,54.0
2024-06-29,0.0,0.0,0.0,0.87,0.0,1523.0,54.0
2024-06-30,0.0,0.0,0.0,0.87,0.0,1523.0,54.0
2024-07-01,0.0,0.0,0.0,0.87,0.0,1523.0,54.0
2024-07-02,0.0,0.0,0.0,0.87,0.0,1523.0,54.0
2024-07-03,0.0,0.0,0.0,0.87,0.0,1523.0,54.0
2024-07-04,0.0,0.0,0.0,0.87,0.0,1523.0,54.0
2024-07-05,0.0,0.0,0.0,0.87,0.0,1523.0,54.0
2024-07-06,0.0,0.0,0.0,0.87,0.0,1523.0,54.0
2024-07-07,0.0,0.0,0.0,0.87,0.0,1523.0,54.0
2024-07-08,0.0,0.0,0.0,0.87,0.0,1523.0,54.0
2024-07-09,0.0,0.0,0.0,0.87,0.0,1523.0,54.0
2024-07-10,0.0,0.0,0.0,0.87,0.0,1523.0,54.0
2024-07-11,0.0,0.0,0.0,0.87,0.0,1523.0,54.0
2024-07-12,0.0,0.0,0.0,0.87,0.0,1523.0,54.0
2024-07-13,0.0,0.0,0.0,0.87,0.0,1523.0,54.0
2024-07-14,0.0,0.0,0.0,0.87,0.0,1523.0,54.0
2024-07-15,0.0,0.0,0.0,0.87,0.0,1523.0,54.0
2024-07-16,0.0,0.0,0.0,0.87,0.0,1523.0,54.0
2024-07-17,0.0,0.0,0.0,0.87,0.0,1523.0,54.0
2024-07-18,0.0,0.0,0.0,0.87,0.0,1523.0,54.0
2024-07-19,0.0,0.0,0.0,0.87,0.0,1523.0,54.0
2024-07-20,0.0,0.0,0.0,0.87,0.0,1523.0,54.0
2024-07-21,0.0,0.0,0.0,0.87,0.0,1523.0,54.0
2024-07-22,0.0,0.0,0.0,0.87,0.0,1523.0,54.0
2024-07-23,0.0,0.0,0.0,0.87,0.0,1523.0,54.0
2024-07-24,0.0,0.0,0.0,0.87,0.0,1523.0,54.0
2024-07-25,0.0,0.0,0.0,0.87,0.0,1523.0,54.0
2024-07-26,0.0,0.0,0.0,0.87,0.0,1523.0,54.0
2024-07-27,0.0,0.0,0.0,0.87,0.0,1523.0,54.0
2024-07-28,0.0,0.0,0.0,0.87,0.0,1523.0,54.0
2024-07-29,0.0,0.0,0.0,0.87,0.0,1523.0,54.0
2024-07-30,0.0,0.0,0.0,0.87,0.0,1523.0,54.0
2024-07-31,0.0,0.0,0.0,0.87,0.0,1523.0,54.0
2024-08-01,0.0,0.0,0.0,0.87,0.0,1523.0,54.0
2024-08-02,0.0,0.0,0.0,0.87,0.0,1523.0,54.0
2024-08-03,0.0,0.0,0.0,0.87,0.0,1523.0,54.0
2024-08-04,0.0,0.0,0.0,0.87,0.0,1523.0,54.0
